state_abb,low_wage_threshold,low_wage_share,low_wage_count,state_mw,dates,obs_count
AK,10,NA,NA,$11.91,July 2024 through June 2025,NA
AL,10,0.02802026071006184,59000,$7.25,July 2024 through June 2025,2718
AR,10,NA,NA,$11.00,July 2024 through June 2025,NA
AZ,10,NA,NA,$14.70,July 2024 through June 2025,NA
CA,10,NA,NA,$16.50,July 2024 through June 2025,NA
CO,10,NA,NA,$14.81,July 2024 through June 2025,NA
CT,10,NA,NA,$16.35,July 2024 through June 2025,NA
DC,10,NA,NA,$17.50,July 2024 through June 2025,NA
DE,10,NA,NA,$15.00,July 2024 through June 2025,NA
FL,10,NA,NA,$13.00,July 2024 through June 2025,NA
GA,10,0.031330862316644364,140000,$7.25,July 2024 through June 2025,3732
HI,10,NA,NA,$14.00,July 2024 through June 2025,NA
IA,10,0.022708496107210707,33000,$7.25,July 2024 through June 2025,2584
ID,10,0.02111750869596726,18000,$7.25,July 2024 through June 2025,4256
IL,10,NA,NA,$15.00,July 2024 through June 2025,NA
IN,10,0.01940821318916015,60000,$7.25,July 2024 through June 2025,3625
KS,10,0.025188091916168005,34000,$7.25,July 2024 through June 2025,3017
KY,10,0.03562002369388162,64000,$7.25,July 2024 through June 2025,2132
LA,10,0.06389656686545744,110000,$7.25,July 2024 through June 2025,3079
MA,10,NA,NA,$15.00,July 2024 through June 2025,NA
MD,10,NA,NA,$15.00,July 2024 through June 2025,NA
ME,10,NA,NA,$14.65,July 2024 through June 2025,NA
MI,10,NA,NA,$12.48,July 2024 through June 2025,NA
MN,10,NA,NA,$11.13,July 2024 through June 2025,NA
MO,10,NA,NA,$13.75,July 2024 through June 2025,NA
MS,10,0.04794305582309159,54000,$7.25,July 2024 through June 2025,2955
MT,10,NA,NA,$10.55,July 2024 through June 2025,NA
NC,10,0.029241676974290674,134000,$7.25,July 2024 through June 2025,3773
ND,10,0.017381522434801663,6000,$7.25,July 2024 through June 2025,3669
NE,10,NA,NA,$13.50,July 2024 through June 2025,NA
NH,10,0.012543587783468613,8000,$7.25,July 2024 through June 2025,3004
NJ,10,NA,NA,$15.49,July 2024 through June 2025,NA
NM,10,NA,NA,$12.00,July 2024 through June 2025,NA
NV,10,NA,NA,$12.00,July 2024 through June 2025,NA
NY,10,NA,NA,$15.50,July 2024 through June 2025,NA
OH,10,NA,NA,$10.70,July 2024 through June 2025,NA
OK,10,0.039681613584890134,69000,$7.25,July 2024 through June 2025,3180
OR,10,NA,NA,$14.70,July 2024 through June 2025,NA
PA,10,0.02329544716883932,131000,$7.25,July 2024 through June 2025,5589
RI,10,NA,NA,$15.00,July 2024 through June 2025,NA
SC,10,0.02344975009395099,53000,$7.25,July 2024 through June 2025,3070
SD,10,NA,NA,$11.50,July 2024 through June 2025,NA
TN,10,0.02669149347854683,79000,$7.25,July 2024 through June 2025,3567
TX,10,0.03370029189877947,450000,$7.25,July 2024 through June 2025,12906
UT,10,0.015364266459221431,24000,$7.25,July 2024 through June 2025,4229
VA,10,NA,NA,$12.41,July 2024 through June 2025,NA
VT,10,NA,NA,$14.01,July 2024 through June 2025,NA
WA,10,NA,NA,$16.66,July 2024 through June 2025,NA
WI,10,0.015393670445930343,42000,$7.25,July 2024 through June 2025,3972
WV,10,0.03134603262389829,22000,$8.75,July 2024 through June 2025,3399
WY,10,0.029055136290726293,7000,$7.25,July 2024 through June 2025,2887
AK,11,NA,NA,$11.91,July 2024 through June 2025,NA
AL,11,0.05851668482790636,123000,$7.25,July 2024 through June 2025,2718
AR,11,NA,NA,$11.00,July 2024 through June 2025,NA
AZ,11,NA,NA,$14.70,July 2024 through June 2025,NA
CA,11,NA,NA,$16.50,July 2024 through June 2025,NA
CO,11,NA,NA,$14.81,July 2024 through June 2025,NA
CT,11,NA,NA,$16.35,July 2024 through June 2025,NA
DC,11,NA,NA,$17.50,July 2024 through June 2025,NA
DE,11,NA,NA,$15.00,July 2024 through June 2025,NA
FL,11,NA,NA,$13.00,July 2024 through June 2025,NA
GA,11,0.05476876820304728,245000,$7.25,July 2024 through June 2025,3732
HI,11,NA,NA,$14.00,July 2024 through June 2025,NA
IA,11,0.03855887531304836,56000,$7.25,July 2024 through June 2025,2584
ID,11,0.03843761366891227,33000,$7.25,July 2024 through June 2025,4256
IL,11,NA,NA,$15.00,July 2024 through June 2025,NA
IN,11,0.03908204307073518,122000,$7.25,July 2024 through June 2025,3625
KS,11,0.04365133080970551,58000,$7.25,July 2024 through June 2025,3017
KY,11,0.06428029778408847,115000,$7.25,July 2024 through June 2025,2132
LA,11,0.11270504560586844,195000,$7.25,July 2024 through June 2025,3079
MA,11,NA,NA,$15.00,July 2024 through June 2025,NA
MD,11,NA,NA,$15.00,July 2024 through June 2025,NA
ME,11,NA,NA,$14.65,July 2024 through June 2025,NA
MI,11,NA,NA,$12.48,July 2024 through June 2025,NA
MN,11,NA,NA,$11.13,July 2024 through June 2025,NA
MO,11,NA,NA,$13.75,July 2024 through June 2025,NA
MS,11,0.09201102327352012,104000,$7.25,July 2024 through June 2025,2955
MT,11,NA,NA,$10.55,July 2024 through June 2025,NA
NC,11,0.050038130710514966,229000,$7.25,July 2024 through June 2025,3773
ND,11,0.022798422389104546,8000,$7.25,July 2024 through June 2025,3669
NE,11,NA,NA,$13.50,July 2024 through June 2025,NA
NH,11,0.01911703728096253,13000,$7.25,July 2024 through June 2025,3004
NJ,11,NA,NA,$15.49,July 2024 through June 2025,NA
NM,11,NA,NA,$12.00,July 2024 through June 2025,NA
NV,11,NA,NA,$12.00,July 2024 through June 2025,NA
NY,11,NA,NA,$15.50,July 2024 through June 2025,NA
OH,11,NA,NA,$10.70,July 2024 through June 2025,NA
OK,11,0.06948572322508625,120000,$7.25,July 2024 through June 2025,3180
OR,11,NA,NA,$14.70,July 2024 through June 2025,NA
PA,11,0.03802545823298245,213000,$7.25,July 2024 through June 2025,5589
RI,11,NA,NA,$15.00,July 2024 through June 2025,NA
SC,11,0.0491303432036911,111000,$7.25,July 2024 through June 2025,3070
SD,11,NA,NA,$11.50,July 2024 through June 2025,NA
TN,11,0.046376646952083884,138000,$7.25,July 2024 through June 2025,3567
TX,11,0.06024745839020963,805000,$7.25,July 2024 through June 2025,12906
UT,11,0.025260311170287805,40000,$7.25,July 2024 through June 2025,4229
VA,11,NA,NA,$12.41,July 2024 through June 2025,NA
VT,11,NA,NA,$14.01,July 2024 through June 2025,NA
WA,11,NA,NA,$16.66,July 2024 through June 2025,NA
WI,11,0.025799852371328348,71000,$7.25,July 2024 through June 2025,3972
WV,11,0.06515343694841376,45000,$8.75,July 2024 through June 2025,3399
WY,11,0.04767785000788139,12000,$7.25,July 2024 through June 2025,2887
AK,12,NA,NA,$11.91,July 2024 through June 2025,NA
AL,12,0.07806835653379877,163000,$7.25,July 2024 through June 2025,2718
AR,12,0.08111578729225248,102000,$11.00,July 2024 through June 2025,3137
AZ,12,NA,NA,$14.70,July 2024 through June 2025,NA
CA,12,NA,NA,$16.50,July 2024 through June 2025,NA
CO,12,NA,NA,$14.81,July 2024 through June 2025,NA
CT,12,NA,NA,$16.35,July 2024 through June 2025,NA
DC,12,NA,NA,$17.50,July 2024 through June 2025,NA
DE,12,NA,NA,$15.00,July 2024 through June 2025,NA
FL,12,NA,NA,$13.00,July 2024 through June 2025,NA
GA,12,0.06993641131611623,313000,$7.25,July 2024 through June 2025,3732
HI,12,NA,NA,$14.00,July 2024 through June 2025,NA
IA,12,0.051316533209807495,75000,$7.25,July 2024 through June 2025,2584
ID,12,0.05392608143077466,47000,$7.25,July 2024 through June 2025,4256
IL,12,NA,NA,$15.00,July 2024 through June 2025,NA
IN,12,0.051337886952600706,160000,$7.25,July 2024 through June 2025,3625
KS,12,0.057973810730154715,78000,$7.25,July 2024 through June 2025,3017
KY,12,0.08369797987882933,149000,$7.25,July 2024 through June 2025,2132
LA,12,0.1372459582449527,237000,$7.25,July 2024 through June 2025,3079
MA,12,NA,NA,$15.00,July 2024 through June 2025,NA
MD,12,NA,NA,$15.00,July 2024 through June 2025,NA
ME,12,NA,NA,$14.65,July 2024 through June 2025,NA
MI,12,NA,NA,$12.48,July 2024 through June 2025,NA
MN,12,NA,NA,$11.13,July 2024 through June 2025,NA
MO,12,NA,NA,$13.75,July 2024 through June 2025,NA
MS,12,0.11648534036080159,131000,$7.25,July 2024 through June 2025,2955
MT,12,0.0411783357005744,19000,$10.55,July 2024 through June 2025,3591
NC,12,0.07087772178262548,324000,$7.25,July 2024 through June 2025,3773
ND,12,0.027140716697838012,10000,$7.25,July 2024 through June 2025,3669
NE,12,NA,NA,$13.50,July 2024 through June 2025,NA
NH,12,0.02305740718682137,16000,$7.25,July 2024 through June 2025,3004
NJ,12,NA,NA,$15.49,July 2024 through June 2025,NA
NM,12,NA,NA,$12.00,July 2024 through June 2025,NA
NV,12,NA,NA,$12.00,July 2024 through June 2025,NA
NY,12,NA,NA,$15.50,July 2024 through June 2025,NA
OH,12,0.04796530269621482,244000,$10.70,July 2024 through June 2025,5600
OK,12,0.09487702211149801,164000,$7.25,July 2024 through June 2025,3180
OR,12,NA,NA,$14.70,July 2024 through June 2025,NA
PA,12,0.05069003324728263,284000,$7.25,July 2024 through June 2025,5589
RI,12,NA,NA,$15.00,July 2024 through June 2025,NA
SC,12,0.06459398153646609,146000,$7.25,July 2024 through June 2025,3070
SD,12,NA,NA,$11.50,July 2024 through June 2025,NA
TN,12,0.06051519696337557,180000,$7.25,July 2024 through June 2025,3567
TX,12,0.08287961795086994,1108000,$7.25,July 2024 through June 2025,12906
UT,12,0.03811434955125514,60000,$7.25,July 2024 through June 2025,4229
VA,12,NA,NA,$12.41,July 2024 through June 2025,NA
VT,12,NA,NA,$14.01,July 2024 through June 2025,NA
WA,12,NA,NA,$16.66,July 2024 through June 2025,NA
WI,12,0.034560253985259484,95000,$7.25,July 2024 through June 2025,3972
WV,12,0.08833038332730321,61000,$8.75,July 2024 through June 2025,3399
WY,12,0.060170947161508094,15000,$7.25,July 2024 through June 2025,2887
AK,13,0.02465504802445833,8000,$11.91,July 2024 through June 2025,2365
AL,13,0.11972494492975343,251000,$7.25,July 2024 through June 2025,2718
AR,13,0.11831945605326948,149000,$11.00,July 2024 through June 2025,3137
AZ,13,NA,NA,$14.70,July 2024 through June 2025,NA
CA,13,NA,NA,$16.50,July 2024 through June 2025,NA
CO,13,NA,NA,$14.81,July 2024 through June 2025,NA
CT,13,NA,NA,$16.35,July 2024 through June 2025,NA
DC,13,NA,NA,$17.50,July 2024 through June 2025,NA
DE,13,NA,NA,$15.00,July 2024 through June 2025,NA
FL,13,NA,NA,$13.00,July 2024 through June 2025,NA
GA,13,0.10401989945127144,466000,$7.25,July 2024 through June 2025,3732
HI,13,NA,NA,$14.00,July 2024 through June 2025,NA
IA,13,0.08528880763056833,124000,$7.25,July 2024 through June 2025,2584
ID,13,0.07791856984372598,67000,$7.25,July 2024 through June 2025,4256
IL,13,NA,NA,$15.00,July 2024 through June 2025,NA
IN,13,0.07550600174885631,235000,$7.25,July 2024 through June 2025,3625
KS,13,0.09307501457317104,125000,$7.25,July 2024 through June 2025,3017
KY,13,0.11792895893287204,210000,$7.25,July 2024 through June 2025,2132
LA,13,0.18718822953912284,324000,$7.25,July 2024 through June 2025,3079
MA,13,NA,NA,$15.00,July 2024 through June 2025,NA
MD,13,NA,NA,$15.00,July 2024 through June 2025,NA
ME,13,NA,NA,$14.65,July 2024 through June 2025,NA
MI,13,NA,NA,$12.48,July 2024 through June 2025,NA
MN,13,0.028905200245836316,77000,$11.13,July 2024 through June 2025,3369
MO,13,NA,NA,$13.75,July 2024 through June 2025,NA
MS,13,0.16912534520171574,191000,$7.25,July 2024 through June 2025,2955
MT,13,0.061766008610142385,29000,$10.55,July 2024 through June 2025,3591
NC,13,0.10556197211198534,483000,$7.25,July 2024 through June 2025,3773
ND,13,0.03645769601546507,14000,$7.25,July 2024 through June 2025,3669
NE,13,NA,NA,$13.50,July 2024 through June 2025,NA
NH,13,0.03388083532557138,23000,$7.25,July 2024 through June 2025,3004
NJ,13,NA,NA,$15.49,July 2024 through June 2025,NA
NM,13,0.10220579245351859,87000,$12.00,July 2024 through June 2025,2991
NV,13,0.08159205849964349,115000,$12.00,July 2024 through June 2025,2854
NY,13,NA,NA,$15.50,July 2024 through June 2025,NA
OH,13,0.0736638985392197,374000,$10.70,July 2024 through June 2025,5600
OK,13,0.13388222819572207,232000,$7.25,July 2024 through June 2025,3180
OR,13,NA,NA,$14.70,July 2024 through June 2025,NA
PA,13,0.08090922003902569,454000,$7.25,July 2024 through June 2025,5589
RI,13,NA,NA,$15.00,July 2024 through June 2025,NA
SC,13,0.0968949284479873,218000,$7.25,July 2024 through June 2025,3070
SD,13,0.048105182905875066,20000,$11.50,July 2024 through June 2025,2749
TN,13,0.08731592922856317,260000,$7.25,July 2024 through June 2025,3567
TX,13,0.11656471236848201,1558000,$7.25,July 2024 through June 2025,12906
UT,13,0.06315858260675977,99000,$7.25,July 2024 through June 2025,4229
VA,13,NA,NA,$12.41,July 2024 through June 2025,NA
VT,13,NA,NA,$14.01,July 2024 through June 2025,NA
WA,13,NA,NA,$16.66,July 2024 through June 2025,NA
WI,13,0.056739066155866276,156000,$7.25,July 2024 through June 2025,3972
WV,13,0.1372022103975716,95000,$8.75,July 2024 through June 2025,3399
WY,13,0.09074334309550013,22000,$7.25,July 2024 through June 2025,2887
AK,14,0.034913639434087665,11000,$11.91,July 2024 through June 2025,2365
AL,14,0.1463528814383052,306000,$7.25,July 2024 through June 2025,2718
AR,14,0.15750790899192937,198000,$11.00,July 2024 through June 2025,3137
AZ,14,NA,NA,$14.70,July 2024 through June 2025,NA
CA,14,NA,NA,$16.50,July 2024 through June 2025,NA
CO,14,NA,NA,$14.81,July 2024 through June 2025,NA
CT,14,NA,NA,$16.35,July 2024 through June 2025,NA
DC,14,NA,NA,$17.50,July 2024 through June 2025,NA
DE,14,NA,NA,$15.00,July 2024 through June 2025,NA
FL,14,0.10843222902287787,986000,$13.00,July 2024 through June 2025,6951
GA,14,0.1259146954522858,564000,$7.25,July 2024 through June 2025,3732
HI,14,NA,NA,$14.00,July 2024 through June 2025,NA
IA,14,0.10062584188768957,147000,$7.25,July 2024 through June 2025,2584
ID,14,0.10068023070422534,87000,$7.25,July 2024 through June 2025,4256
IL,14,NA,NA,$15.00,July 2024 through June 2025,NA
IN,14,0.10286337769805338,320000,$7.25,July 2024 through June 2025,3625
KS,14,0.12276425368933086,164000,$7.25,July 2024 through June 2025,3017
KY,14,0.14736602442919366,263000,$7.25,July 2024 through June 2025,2132
LA,14,0.2158402840580011,373000,$7.25,July 2024 through June 2025,3079
MA,14,NA,NA,$15.00,July 2024 through June 2025,NA
MD,14,NA,NA,$15.00,July 2024 through June 2025,NA
ME,14,NA,NA,$14.65,July 2024 through June 2025,NA
MI,14,0.08549121180536236,371000,$12.48,July 2024 through June 2025,4679
MN,14,0.03877603887190722,104000,$11.13,July 2024 through June 2025,3369
MO,14,NA,NA,$13.75,July 2024 through June 2025,NA
MS,14,0.2122868883139504,239000,$7.25,July 2024 through June 2025,2955
MT,14,0.08223230889323521,39000,$10.55,July 2024 through June 2025,3591
NC,14,0.13633998487169546,624000,$7.25,July 2024 through June 2025,3773
ND,14,0.05343751417431171,20000,$7.25,July 2024 through June 2025,3669
NE,14,NA,NA,$13.50,July 2024 through June 2025,NA
NH,14,0.04304666325756578,29000,$7.25,July 2024 through June 2025,3004
NJ,14,NA,NA,$15.49,July 2024 through June 2025,NA
NM,14,0.137302150388357,117000,$12.00,July 2024 through June 2025,2991
NV,14,0.10316564334860895,145000,$12.00,July 2024 through June 2025,2854
NY,14,NA,NA,$15.50,July 2024 through June 2025,NA
OH,14,0.0979404035678165,497000,$10.70,July 2024 through June 2025,5600
OK,14,0.16038596065739638,277000,$7.25,July 2024 through June 2025,3180
OR,14,NA,NA,$14.70,July 2024 through June 2025,NA
PA,14,0.09835128210647374,551000,$7.25,July 2024 through June 2025,5589
RI,14,NA,NA,$15.00,July 2024 through June 2025,NA
SC,14,0.12134004435991456,273000,$7.25,July 2024 through June 2025,3070
SD,14,0.06944595120382803,30000,$11.50,July 2024 through June 2025,2749
TN,14,0.10472520929740493,311000,$7.25,July 2024 through June 2025,3567
TX,14,0.141959177785836,1897000,$7.25,July 2024 through June 2025,12906
UT,14,0.08838647363137754,138000,$7.25,July 2024 through June 2025,4229
VA,14,0.07272345920942944,280000,$12.41,July 2024 through June 2025,3776
VT,14,NA,NA,$14.01,July 2024 through June 2025,NA
WA,14,NA,NA,$16.66,July 2024 through June 2025,NA
WI,14,0.07137100697289626,196000,$7.25,July 2024 through June 2025,3972
WV,14,0.17333503022297805,120000,$8.75,July 2024 through June 2025,3399
WY,14,0.11956871234968462,29000,$7.25,July 2024 through June 2025,2887
AK,15,0.047522567995422586,15000,$11.91,July 2024 through June 2025,2365
AL,15,0.18648748112833663,390000,$7.25,July 2024 through June 2025,2718
AR,15,0.20026187627905606,252000,$11.00,July 2024 through June 2025,3137
AZ,15,NA,NA,$14.70,July 2024 through June 2025,NA
CA,15,NA,NA,$16.50,July 2024 through June 2025,NA
CO,15,NA,NA,$14.81,July 2024 through June 2025,NA
CT,15,NA,NA,$16.35,July 2024 through June 2025,NA
DC,15,NA,NA,$17.50,July 2024 through June 2025,NA
DE,15,NA,NA,$15.00,July 2024 through June 2025,NA
FL,15,0.14937369267074924,1358000,$13.00,July 2024 through June 2025,6951
GA,15,0.1582917253611816,709000,$7.25,July 2024 through June 2025,3732
HI,15,0.09860412187649967,57000,$14.00,July 2024 through June 2025,2964
IA,15,0.13601656698785955,198000,$7.25,July 2024 through June 2025,2584
ID,15,0.126321489038895,109000,$7.25,July 2024 through June 2025,4256
IL,15,NA,NA,$15.00,July 2024 through June 2025,NA
IN,15,0.12983289551873045,404000,$7.25,July 2024 through June 2025,3625
KS,15,0.15228555387541653,204000,$7.25,July 2024 through June 2025,3017
KY,15,0.18098788028566604,323000,$7.25,July 2024 through June 2025,2132
LA,15,0.2588677558915648,447000,$7.25,July 2024 through June 2025,3079
MA,15,NA,NA,$15.00,July 2024 through June 2025,NA
MD,15,NA,NA,$15.00,July 2024 through June 2025,NA
ME,15,NA,NA,$14.65,July 2024 through June 2025,NA
MI,15,0.11595376240144896,504000,$12.48,July 2024 through June 2025,4679
MN,15,0.05206087635957859,139000,$11.13,July 2024 through June 2025,3369
MO,15,0.12313260818303098,337000,$13.75,July 2024 through June 2025,3323
MS,15,0.2634013714515664,297000,$7.25,July 2024 through June 2025,2955
MT,15,0.10470515592594716,49000,$10.55,July 2024 through June 2025,3591
NC,15,0.17057136619333352,781000,$7.25,July 2024 through June 2025,3773
ND,15,0.07149313969970238,27000,$7.25,July 2024 through June 2025,3669
NE,15,0.10548591897859354,98000,$13.50,July 2024 through June 2025,3287
NH,15,0.06453433208331473,43000,$7.25,July 2024 through June 2025,3004
NJ,15,NA,NA,$15.49,July 2024 through June 2025,NA
NM,15,0.18163022954129412,155000,$12.00,July 2024 through June 2025,2991
NV,15,0.13271074045654108,187000,$12.00,July 2024 through June 2025,2854
NY,15,NA,NA,$15.50,July 2024 through June 2025,NA
OH,15,0.1288392323411876,654000,$10.70,July 2024 through June 2025,5600
OK,15,0.20874270627415906,361000,$7.25,July 2024 through June 2025,3180
OR,15,NA,NA,$14.70,July 2024 through June 2025,NA
PA,15,0.12048043610198884,675000,$7.25,July 2024 through June 2025,5589
RI,15,NA,NA,$15.00,July 2024 through June 2025,NA
SC,15,0.1572955505411527,354000,$7.25,July 2024 through June 2025,3070
SD,15,0.0927452283852255,40000,$11.50,July 2024 through June 2025,2749
TN,15,0.13895579561398153,413000,$7.25,July 2024 through June 2025,3567
TX,15,0.17188537161012893,2297000,$7.25,July 2024 through June 2025,12906
UT,15,0.1198025556250162,187000,$7.25,July 2024 through June 2025,4229
VA,15,0.10171947403033889,391000,$12.41,July 2024 through June 2025,3776
VT,15,NA,NA,$14.01,July 2024 through June 2025,NA
WA,15,NA,NA,$16.66,July 2024 through June 2025,NA
WI,15,0.09865656240013657,271000,$7.25,July 2024 through June 2025,3972
WV,15,0.21310267436739372,147000,$8.75,July 2024 through June 2025,3399
WY,15,0.14734560240336675,36000,$7.25,July 2024 through June 2025,2887
AK,16,0.07814571770429472,24000,$11.91,July 2024 through June 2025,2365
AL,16,0.24397648976888503,511000,$7.25,July 2024 through June 2025,2718
AR,16,0.26066450816422526,327000,$11.00,July 2024 through June 2025,3137
AZ,16,0.14876390538665465,464000,$14.70,July 2024 through June 2025,3363
CA,16,NA,NA,$16.50,July 2024 through June 2025,NA
CO,16,0.06675051716449046,177000,$14.81,July 2024 through June 2025,2692
CT,16,NA,NA,$16.35,July 2024 through June 2025,NA
DC,16,NA,NA,$17.50,July 2024 through June 2025,NA
DE,16,0.15973462898696517,71000,$15.00,July 2024 through June 2025,2184
FL,16,0.21571268159038218,1961000,$13.00,July 2024 through June 2025,6951
GA,16,0.2141109780352872,959000,$7.25,July 2024 through June 2025,3732
HI,16,0.15314387836546156,88000,$14.00,July 2024 through June 2025,2964
IA,16,0.1929232875731588,282000,$7.25,July 2024 through June 2025,2584
ID,16,0.17943104198269796,155000,$7.25,July 2024 through June 2025,4256
IL,16,0.13479623633611498,766000,$15.00,July 2024 through June 2025,5818
IN,16,0.18595813402103648,579000,$7.25,July 2024 through June 2025,3625
KS,16,0.1998962717149771,268000,$7.25,July 2024 through June 2025,3017
KY,16,0.2489254414560454,444000,$7.25,July 2024 through June 2025,2132
LA,16,0.31863602172174976,551000,$7.25,July 2024 through June 2025,3079
MA,16,0.07153596944557815,238000,$15.00,July 2024 through June 2025,4400
MD,16,0.11060824846403657,311000,$15.00,July 2024 through June 2025,2612
ME,16,0.10341719022627731,60000,$14.65,July 2024 through June 2025,1592
MI,16,0.17377036882521377,755000,$12.48,July 2024 through June 2025,4679
MN,16,0.09427648363569327,252000,$11.13,July 2024 through June 2025,3369
MO,16,0.18843337952275802,516000,$13.75,July 2024 through June 2025,3323
MS,16,0.33499934239133183,377000,$7.25,July 2024 through June 2025,2955
MT,16,0.13932944744145515,65000,$10.55,July 2024 through June 2025,3591
NC,16,0.23376662895525138,1070000,$7.25,July 2024 through June 2025,3773
ND,16,0.10636053250760895,40000,$7.25,July 2024 through June 2025,3669
NE,16,0.1544796908944396,144000,$13.50,July 2024 through June 2025,3287
NH,16,0.10132381331606027,68000,$7.25,July 2024 through June 2025,3004
NJ,16,NA,NA,$15.49,July 2024 through June 2025,NA
NM,16,0.24955775038151212,213000,$12.00,July 2024 through June 2025,2991
NV,16,0.18855693461171366,265000,$12.00,July 2024 through June 2025,2854
NY,16,NA,NA,$15.50,July 2024 through June 2025,NA
OH,16,0.18060530183664197,917000,$10.70,July 2024 through June 2025,5600
OK,16,0.26712954378440457,462000,$7.25,July 2024 through June 2025,3180
OR,16,0.0846267375563492,154000,$14.70,July 2024 through June 2025,3819
PA,16,0.16726511267998145,938000,$7.25,July 2024 through June 2025,5589
RI,16,0.12347714167245864,61000,$15.00,July 2024 through June 2025,1844
SC,16,0.2102417153093281,474000,$7.25,July 2024 through June 2025,3070
SD,16,0.1389193291121101,59000,$11.50,July 2024 through June 2025,2749
TN,16,0.19443691428830873,578000,$7.25,July 2024 through June 2025,3567
TX,16,0.22908810999538687,3062000,$7.25,July 2024 through June 2025,12906
UT,16,0.17141966370188727,268000,$7.25,July 2024 through June 2025,4229
VA,16,0.14389656482437613,554000,$12.41,July 2024 through June 2025,3776
VT,16,0.09200736566826832,27000,$14.01,July 2024 through June 2025,2687
WA,16,NA,NA,$16.66,July 2024 through June 2025,NA
WI,16,0.15048887820174803,413000,$7.25,July 2024 through June 2025,3972
WV,16,0.26765323819321674,185000,$8.75,July 2024 through June 2025,3399
WY,16,0.1987162674905433,48000,$7.25,July 2024 through June 2025,2887
AK,17,0.10503056643799097,32000,$11.91,July 2024 through June 2025,2365
AL,17,0.28360360207033564,594000,$7.25,July 2024 through June 2025,2718
AR,17,0.30840529649569043,387000,$11.00,July 2024 through June 2025,3137
AZ,17,0.19301933770489216,602000,$14.70,July 2024 through June 2025,3363
CA,17,NA,NA,$16.50,July 2024 through June 2025,NA
CO,17,0.09629601300834467,255000,$14.81,July 2024 through June 2025,2692
CT,17,NA,NA,$16.35,July 2024 through June 2025,NA
DC,17,NA,NA,$17.50,July 2024 through June 2025,NA
DE,17,0.19809494668142916,88000,$15.00,July 2024 through June 2025,2184
FL,17,0.26054701136563524,2369000,$13.00,July 2024 through June 2025,6951
GA,17,0.25103456732745294,1124000,$7.25,July 2024 through June 2025,3732
HI,17,0.19187946928984656,110000,$14.00,July 2024 through June 2025,2964
IA,17,0.23901640450861109,349000,$7.25,July 2024 through June 2025,2584
ID,17,0.22473462710352954,195000,$7.25,July 2024 through June 2025,4256
IL,17,0.1791361979796397,1017000,$15.00,July 2024 through June 2025,5818
IN,17,0.22870049054266534,712000,$7.25,July 2024 through June 2025,3625
KS,17,0.24319885941751415,326000,$7.25,July 2024 through June 2025,3017
KY,17,0.2953771251908281,527000,$7.25,July 2024 through June 2025,2132
LA,17,0.3551640967085609,614000,$7.25,July 2024 through June 2025,3079
MA,17,0.10032026568867917,334000,$15.00,July 2024 through June 2025,4400
MD,17,0.1400685487842328,394000,$15.00,July 2024 through June 2025,2612
ME,17,0.13920418019869732,81000,$14.65,July 2024 through June 2025,1592
MI,17,0.21331298936024198,927000,$12.48,July 2024 through June 2025,4679
MN,17,0.13041389060251957,349000,$11.13,July 2024 through June 2025,3369
MO,17,0.23449975160457673,642000,$13.75,July 2024 through June 2025,3323
MS,17,0.3854399751761456,434000,$7.25,July 2024 through June 2025,2955
MT,17,0.18541944795747847,87000,$10.55,July 2024 through June 2025,3591
NC,17,0.2811956031797588,1287000,$7.25,July 2024 through June 2025,3773
ND,17,0.14503320296558891,54000,$7.25,July 2024 through June 2025,3669
NE,17,0.196525768177047,183000,$13.50,July 2024 through June 2025,3287
NH,17,0.13595742292009802,91000,$7.25,July 2024 through June 2025,3004
NJ,17,0.1564624523575935,642000,$15.49,July 2024 through June 2025,3693
NM,17,0.29145882896015185,249000,$12.00,July 2024 through June 2025,2991
NV,17,0.22735145846701219,320000,$12.00,July 2024 through June 2025,2854
NY,17,0.14507533619428187,1211000,$15.50,July 2024 through June 2025,6133
OH,17,0.2106504762137948,1070000,$10.70,July 2024 through June 2025,5600
OK,17,0.31165614619511767,539000,$7.25,July 2024 through June 2025,3180
OR,17,0.12224425735220644,223000,$14.70,July 2024 through June 2025,3819
PA,17,0.19892437417386447,1115000,$7.25,July 2024 through June 2025,5589
RI,17,0.1627591722425147,81000,$15.00,July 2024 through June 2025,1844
SC,17,0.25353726527514914,571000,$7.25,July 2024 through June 2025,3070
SD,17,0.17471568877640536,74000,$11.50,July 2024 through June 2025,2749
TN,17,0.22921594036446166,682000,$7.25,July 2024 through June 2025,3567
TX,17,0.2703803820156671,3613000,$7.25,July 2024 through June 2025,12906
UT,17,0.21064541297432915,329000,$7.25,July 2024 through June 2025,4229
VA,17,0.17774911760032577,684000,$12.41,July 2024 through June 2025,3776
VT,17,0.12167523144272177,35000,$14.01,July 2024 through June 2025,2687
WA,17,NA,NA,$16.66,July 2024 through June 2025,NA
WI,17,0.1808098920218675,496000,$7.25,July 2024 through June 2025,3972
WV,17,0.31313030195586194,216000,$8.75,July 2024 through June 2025,3399
WY,17,0.24284322212119822,59000,$7.25,July 2024 through June 2025,2887
AK,18,0.13499368881166487,41000,$11.91,July 2024 through June 2025,2365
AL,18,0.32219108769533084,674000,$7.25,July 2024 through June 2025,2718
AR,18,0.35548475083109293,447000,$11.00,July 2024 through June 2025,3137
AZ,18,0.23667114620087254,738000,$14.70,July 2024 through June 2025,3363
CA,18,0.16279655754730074,2664000,$16.50,July 2024 through June 2025,17600
CO,18,0.1307662302656008,347000,$14.81,July 2024 through June 2025,2692
CT,18,0.1609124397876624,263000,$16.35,July 2024 through June 2025,2356
DC,18,NA,NA,$17.50,July 2024 through June 2025,NA
DE,18,0.23747801970889584,105000,$15.00,July 2024 through June 2025,2184
FL,18,0.3019572597675233,2745000,$13.00,July 2024 through June 2025,6951
GA,18,0.2916231075180075,1306000,$7.25,July 2024 through June 2025,3732
HI,18,0.23103719743163906,133000,$14.00,July 2024 through June 2025,2964
IA,18,0.2848522174210359,416000,$7.25,July 2024 through June 2025,2584
ID,18,0.27354243476829004,237000,$7.25,July 2024 through June 2025,4256
IL,18,0.21346132480938534,1212000,$15.00,July 2024 through June 2025,5818
IN,18,0.2710566666191093,844000,$7.25,July 2024 through June 2025,3625
KS,18,0.28525549124967314,382000,$7.25,July 2024 through June 2025,3017
KY,18,0.3321100692404406,593000,$7.25,July 2024 through June 2025,2132
LA,18,0.3923671365254713,678000,$7.25,July 2024 through June 2025,3079
MA,18,0.130832278671313,435000,$15.00,July 2024 through June 2025,4400
MD,18,0.16882853145486068,475000,$15.00,July 2024 through June 2025,2612
ME,18,0.1954876353416088,114000,$14.65,July 2024 through June 2025,1592
MI,18,0.2548764634049556,1107000,$12.48,July 2024 through June 2025,4679
MN,18,0.17409470877999794,466000,$11.13,July 2024 through June 2025,3369
MO,18,0.27707772974118094,759000,$13.75,July 2024 through June 2025,3323
MS,18,0.4287775517910593,483000,$7.25,July 2024 through June 2025,2955
MT,18,0.226455573522878,106000,$10.55,July 2024 through June 2025,3591
NC,18,0.3228292644193077,1478000,$7.25,July 2024 through June 2025,3773
ND,18,0.19134944724253594,71000,$7.25,July 2024 through June 2025,3669
NE,18,0.237301504334122,221000,$13.50,July 2024 through June 2025,3287
NH,18,0.17219796393005032,116000,$7.25,July 2024 through June 2025,3004
NJ,18,0.19079846899339298,782000,$15.49,July 2024 through June 2025,3693
NM,18,0.33391633320211145,285000,$12.00,July 2024 through June 2025,2991
NV,18,0.2765519826672712,389000,$12.00,July 2024 through June 2025,2854
NY,18,0.18699579082699092,1561000,$15.50,July 2024 through June 2025,6133
OH,18,0.24792626730891232,1259000,$10.70,July 2024 through June 2025,5600
OK,18,0.3564907787763832,617000,$7.25,July 2024 through June 2025,3180
OR,18,0.15495005636856807,283000,$14.70,July 2024 through June 2025,3819
PA,18,0.23257132877078288,1304000,$7.25,July 2024 through June 2025,5589
RI,18,0.19531845906740636,97000,$15.00,July 2024 through June 2025,1844
SC,18,0.2931028161421184,660000,$7.25,July 2024 through June 2025,3070
SD,18,0.224814851768491,96000,$11.50,July 2024 through June 2025,2749
TN,18,0.2651517863062321,789000,$7.25,July 2024 through June 2025,3567
TX,18,0.3084993132626681,4123000,$7.25,July 2024 through June 2025,12906
UT,18,0.24596900736472724,385000,$7.25,July 2024 through June 2025,4229
VA,18,0.20682217556426497,796000,$12.41,July 2024 through June 2025,3776
VT,18,0.15574191085928343,45000,$14.01,July 2024 through June 2025,2687
WA,18,0.12275222538963852,414000,$16.66,July 2024 through June 2025,4301
WI,18,0.22449818985844863,616000,$7.25,July 2024 through June 2025,3972
WV,18,0.34745728117385166,240000,$8.75,July 2024 through June 2025,3399
WY,18,0.2855475143786782,69000,$7.25,July 2024 through June 2025,2887
AK,19,0.17725306612928576,54000,$11.91,July 2024 through June 2025,2365
AL,19,0.36079047663965047,755000,$7.25,July 2024 through June 2025,2718
AR,19,0.39650258099178654,498000,$11.00,July 2024 through June 2025,3137
AZ,19,0.28153599309225574,878000,$14.70,July 2024 through June 2025,3363
CA,19,0.21289727755448382,3484000,$16.50,July 2024 through June 2025,17600
CO,19,0.17737043965949048,471000,$14.81,July 2024 through June 2025,2692
CT,19,0.20605364721684236,337000,$16.35,July 2024 through June 2025,2356
DC,19,0.0999348130243144,36000,$17.50,July 2024 through June 2025,4199
DE,19,0.2771361871055369,123000,$15.00,July 2024 through June 2025,2184
FL,19,0.34598557397501767,3146000,$13.00,July 2024 through June 2025,6951
GA,19,0.33766413942295753,1512000,$7.25,July 2024 through June 2025,3732
HI,19,0.27730841085565544,159000,$14.00,July 2024 through June 2025,2964
IA,19,0.32975608303232834,481000,$7.25,July 2024 through June 2025,2584
ID,19,0.3257074954455623,282000,$7.25,July 2024 through June 2025,4256
IL,19,0.25468528209975266,1446000,$15.00,July 2024 through June 2025,5818
IN,19,0.31709086501940764,988000,$7.25,July 2024 through June 2025,3625
KS,19,0.323364395163505,433000,$7.25,July 2024 through June 2025,3017
KY,19,0.371384464036407,663000,$7.25,July 2024 through June 2025,2132
LA,19,0.423689916502209,732000,$7.25,July 2024 through June 2025,3079
MA,19,0.16029731618715815,533000,$15.00,July 2024 through June 2025,4400
MD,19,0.200802394726883,565000,$15.00,July 2024 through June 2025,2612
ME,19,0.2559565245825029,150000,$14.65,July 2024 through June 2025,1592
MI,19,0.2983317958955044,1296000,$12.48,July 2024 through June 2025,4679
MN,19,0.21679239909996167,580000,$11.13,July 2024 through June 2025,3369
MO,19,0.3282888387130109,899000,$13.75,July 2024 through June 2025,3323
MS,19,0.4836120473855193,545000,$7.25,July 2024 through June 2025,2955
MT,19,0.27328084111340845,128000,$10.55,July 2024 through June 2025,3591
NC,19,0.3661755710074521,1676000,$7.25,July 2024 through June 2025,3773
ND,19,0.23984012731179338,89000,$7.25,July 2024 through June 2025,3669
NE,19,0.28119817784820705,261000,$13.50,July 2024 through June 2025,3287
NH,19,0.2097880915721108,141000,$7.25,July 2024 through June 2025,3004
NJ,19,0.23288678646776426,955000,$15.49,July 2024 through June 2025,3693
NM,19,0.3718244548222265,317000,$12.00,July 2024 through June 2025,2991
NV,19,0.33470489157535854,471000,$12.00,July 2024 through June 2025,2854
NY,19,0.22659595754447945,1891000,$15.50,July 2024 through June 2025,6133
OH,19,0.2884169314054964,1465000,$10.70,July 2024 through June 2025,5600
OK,19,0.391601970196979,677000,$7.25,July 2024 through June 2025,3180
OR,19,0.19163179410598755,350000,$14.70,July 2024 through June 2025,3819
PA,19,0.2737787473575829,1535000,$7.25,July 2024 through June 2025,5589
RI,19,0.23796592608442443,118000,$15.00,July 2024 through June 2025,1844
SC,19,0.33502412799374837,755000,$7.25,July 2024 through June 2025,3070
SD,19,0.28143326986452377,120000,$11.50,July 2024 through June 2025,2749
TN,19,0.30592639353460394,910000,$7.25,July 2024 through June 2025,3567
TX,19,0.3518608830073374,4702000,$7.25,July 2024 through June 2025,12906
UT,19,0.2954995987737434,462000,$7.25,July 2024 through June 2025,4229
VA,19,0.24344796523884105,937000,$12.41,July 2024 through June 2025,3776
VT,19,0.1961171167741912,57000,$14.01,July 2024 through June 2025,2687
WA,19,0.16019658396564196,540000,$16.66,July 2024 through June 2025,4301
WI,19,0.2652566068397027,727000,$7.25,July 2024 through June 2025,3972
WV,19,0.39177958366468163,270000,$8.75,July 2024 through June 2025,3399
WY,19,0.33843754181432295,82000,$7.25,July 2024 through June 2025,2887
AK,20,0.20021705096814982,61000,$11.91,July 2024 through June 2025,2365
AL,20,0.3920943815655841,821000,$7.25,July 2024 through June 2025,2718
AR,20,0.4307007931919666,541000,$11.00,July 2024 through June 2025,3137
AZ,20,0.30895256560356615,963000,$14.70,July 2024 through June 2025,3363
CA,20,0.24451305876073348,4002000,$16.50,July 2024 through June 2025,17600
CO,20,0.20855181190371921,553000,$14.81,July 2024 through June 2025,2692
CT,20,0.2323605705196916,380000,$16.35,July 2024 through June 2025,2356
DC,20,0.11490099259121901,41000,$17.50,July 2024 through June 2025,4199
DE,20,0.30425834377374417,135000,$15.00,July 2024 through June 2025,2184
FL,20,0.3827242198655734,3480000,$13.00,July 2024 through June 2025,6951
GA,20,0.37116619293178865,1662000,$7.25,July 2024 through June 2025,3732
HI,20,0.31534340785704296,181000,$14.00,July 2024 through June 2025,2964
IA,20,0.3744988187787761,547000,$7.25,July 2024 through June 2025,2584
ID,20,0.3597848516211908,311000,$7.25,July 2024 through June 2025,4256
IL,20,0.28887672574535345,1641000,$15.00,July 2024 through June 2025,5818
IN,20,0.35572523885259244,1108000,$7.25,July 2024 through June 2025,3625
KS,20,0.35432452501160383,474000,$7.25,July 2024 through June 2025,3017
KY,20,0.41411984973275756,739000,$7.25,July 2024 through June 2025,2132
LA,20,0.45177490243937074,781000,$7.25,July 2024 through June 2025,3079
MA,20,0.18200004265843875,605000,$15.00,July 2024 through June 2025,4400
MD,20,0.22404953521359172,630000,$15.00,July 2024 through June 2025,2612
ME,20,0.293376468557857,171000,$14.65,July 2024 through June 2025,1592
MI,20,0.33064633836375934,1437000,$12.48,July 2024 through June 2025,4679
MN,20,0.24632121818331937,659000,$11.13,July 2024 through June 2025,3369
MO,20,0.3667459698925042,1005000,$13.75,July 2024 through June 2025,3323
MS,20,0.5153260329023175,581000,$7.25,July 2024 through June 2025,2955
MT,20,0.30816445440110324,144000,$10.55,July 2024 through June 2025,3591
NC,20,0.39932432243288163,1828000,$7.25,July 2024 through June 2025,3773
ND,20,0.27716020930677593,103000,$7.25,July 2024 through June 2025,3669
NE,20,0.3201753556486501,298000,$13.50,July 2024 through June 2025,3287
NH,20,0.23891735669191144,161000,$7.25,July 2024 through June 2025,3004
NJ,20,0.25642377742875316,1052000,$15.49,July 2024 through June 2025,3693
NM,20,0.41201158214081307,352000,$12.00,July 2024 through June 2025,2991
NV,20,0.36333813107936164,511000,$12.00,July 2024 through June 2025,2854
NY,20,0.2579085736465352,2152000,$15.50,July 2024 through June 2025,6133
OH,20,0.3203670271899595,1627000,$10.70,July 2024 through June 2025,5600
OK,20,0.4249839559643946,735000,$7.25,July 2024 through June 2025,3180
OR,20,0.22782852727158043,416000,$14.70,July 2024 through June 2025,3819
PA,20,0.3025746572491524,1696000,$7.25,July 2024 through June 2025,5589
RI,20,0.2638685385219194,131000,$15.00,July 2024 through June 2025,1844
SC,20,0.36570282501218887,824000,$7.25,July 2024 through June 2025,3070
SD,20,0.3212496813553597,137000,$11.50,July 2024 through June 2025,2749
TN,20,0.33840452764907536,1007000,$7.25,July 2024 through June 2025,3567
TX,20,0.38078832785072436,5089000,$7.25,July 2024 through June 2025,12906
UT,20,0.32665931205038246,511000,$7.25,July 2024 through June 2025,4229
VA,20,0.26841537972992,1033000,$12.41,July 2024 through June 2025,3776
VT,20,0.2306114387751334,67000,$14.01,July 2024 through June 2025,2687
WA,20,0.18960003361795885,639000,$16.66,July 2024 through June 2025,4301
WI,20,0.29451943909461653,808000,$7.25,July 2024 through June 2025,3972
WV,20,0.42510115442766516,293000,$8.75,July 2024 through June 2025,3399
WY,20,0.3816357298723161,92000,$7.25,July 2024 through June 2025,2887
AK,21,0.2564375851651464,78000,$11.91,July 2024 through June 2025,2365
AL,21,0.43449527397482973,910000,$7.25,July 2024 through June 2025,2718
AR,21,0.4699494523293755,590000,$11.00,July 2024 through June 2025,3137
AZ,21,0.3589656209923363,1119000,$14.70,July 2024 through June 2025,3363
CA,21,0.3058736256285166,5006000,$16.50,July 2024 through June 2025,17600
CO,21,0.2516438557083724,668000,$14.81,July 2024 through June 2025,2692
CT,21,0.28433551347522906,466000,$16.35,July 2024 through June 2025,2356
DC,21,0.1327809315016767,47000,$17.50,July 2024 through June 2025,4199
DE,21,0.36135256961289786,160000,$15.00,July 2024 through June 2025,2184
FL,21,0.42457230598145873,3860000,$13.00,July 2024 through June 2025,6951
GA,21,0.4134207454799356,1851000,$7.25,July 2024 through June 2025,3732
HI,21,0.37787995767104027,217000,$14.00,July 2024 through June 2025,2964
IA,21,0.41793865818163806,610000,$7.25,July 2024 through June 2025,2584
ID,21,0.40941181087499173,354000,$7.25,July 2024 through June 2025,4256
IL,21,0.3359854283779027,1908000,$15.00,July 2024 through June 2025,5818
IN,21,0.40542127070225115,1263000,$7.25,July 2024 through June 2025,3625
KS,21,0.40234923231487507,539000,$7.25,July 2024 through June 2025,3017
KY,21,0.46616018482420474,832000,$7.25,July 2024 through June 2025,2132
LA,21,0.4929703813740541,852000,$7.25,July 2024 through June 2025,3079
MA,21,0.2273013015562307,756000,$15.00,July 2024 through June 2025,4400
MD,21,0.25618192159206576,720000,$15.00,July 2024 through June 2025,2612
ME,21,0.34707982334055604,203000,$14.65,July 2024 through June 2025,1592
MI,21,0.38203865240215873,1660000,$12.48,July 2024 through June 2025,4679
MN,21,0.29883016848314803,799000,$11.13,July 2024 through June 2025,3369
MO,21,0.415882640249512,1139000,$13.75,July 2024 through June 2025,3323
MS,21,0.5660115053448865,638000,$7.25,July 2024 through June 2025,2955
MT,21,0.3602906268487203,169000,$10.55,July 2024 through June 2025,3591
NC,21,0.4484998403580064,2053000,$7.25,July 2024 through June 2025,3773
ND,21,0.32138073724920674,119000,$7.25,July 2024 through June 2025,3669
NE,21,0.37178764870228964,346000,$13.50,July 2024 through June 2025,3287
NH,21,0.28050865865446545,189000,$7.25,July 2024 through June 2025,3004
NJ,21,0.28932762326543193,1186000,$15.49,July 2024 through June 2025,3693
NM,21,0.45369547358803197,387000,$12.00,July 2024 through June 2025,2991
NV,21,0.42190206965600247,593000,$12.00,July 2024 through June 2025,2854
NY,21,0.30693842734325394,2561000,$15.50,July 2024 through June 2025,6133
OH,21,0.3637407424754699,1847000,$10.70,July 2024 through June 2025,5600
OK,21,0.4676250689118507,809000,$7.25,July 2024 through June 2025,3180
OR,21,0.27832675716045363,508000,$14.70,July 2024 through June 2025,3819
PA,21,0.3493483712695386,1958000,$7.25,July 2024 through June 2025,5589
RI,21,0.32542009124800164,161000,$15.00,July 2024 through June 2025,1844
SC,21,0.41675707516828836,939000,$7.25,July 2024 through June 2025,3070
SD,21,0.38610548337220396,164000,$11.50,July 2024 through June 2025,2749
TN,21,0.38644556199532204,1149000,$7.25,July 2024 through June 2025,3567
TX,21,0.42433808797022315,5671000,$7.25,July 2024 through June 2025,12906
UT,21,0.37719231794352204,590000,$7.25,July 2024 through June 2025,4229
VA,21,0.3053350118953922,1175000,$12.41,July 2024 through June 2025,3776
VT,21,0.284434477221639,83000,$14.01,July 2024 through June 2025,2687
WA,21,0.24439326210261192,824000,$16.66,July 2024 through June 2025,4301
WI,21,0.3401475028309733,933000,$7.25,July 2024 through June 2025,3972
WV,21,0.4671184839799355,322000,$8.75,July 2024 through June 2025,3399
WY,21,0.42382663404598525,103000,$7.25,July 2024 through June 2025,2887
AK,22,0.28125452604217493,86000,$11.91,July 2024 through June 2025,2365
AL,22,0.47217603623248683,988000,$7.25,July 2024 through June 2025,2718
AR,22,0.5051670313837572,635000,$11.00,July 2024 through June 2025,3137
AZ,22,0.38572576966654415,1203000,$14.70,July 2024 through June 2025,3363
CA,22,0.33176797977085254,5430000,$16.50,July 2024 through June 2025,17600
CO,22,0.27200147375414846,722000,$14.81,July 2024 through June 2025,2692
CT,22,0.3091476412255559,506000,$16.35,July 2024 through June 2025,2356
DC,22,0.14500541595982597,52000,$17.50,July 2024 through June 2025,4199
DE,22,0.3854242590168693,171000,$15.00,July 2024 through June 2025,2184
FL,22,0.45349057614103305,4123000,$13.00,July 2024 through June 2025,6951
GA,22,0.438614441196021,1964000,$7.25,July 2024 through June 2025,3732
HI,22,0.41135570683997086,236000,$14.00,July 2024 through June 2025,2964
IA,22,0.449367967237987,656000,$7.25,July 2024 through June 2025,2584
ID,22,0.44426905061755856,385000,$7.25,July 2024 through June 2025,4256
IL,22,0.3637527066546418,2066000,$15.00,July 2024 through June 2025,5818
IN,22,0.4359558501861725,1358000,$7.25,July 2024 through June 2025,3625
KS,22,0.4410873456161508,591000,$7.25,July 2024 through June 2025,3017
KY,22,0.5071785006224038,905000,$7.25,July 2024 through June 2025,2132
LA,22,0.5164616512752208,893000,$7.25,July 2024 through June 2025,3079
MA,22,0.25102471269671184,835000,$15.00,July 2024 through June 2025,4400
MD,22,0.27835789071672923,783000,$15.00,July 2024 through June 2025,2612
ME,22,0.39083368139985547,228000,$14.65,July 2024 through June 2025,1592
MI,22,0.40907787614587343,1778000,$12.48,July 2024 through June 2025,4679
MN,22,0.32759951249961056,876000,$11.13,July 2024 through June 2025,3369
MO,22,0.44548971883080235,1220000,$13.75,July 2024 through June 2025,3323
MS,22,0.6046411457422537,681000,$7.25,July 2024 through June 2025,2955
MT,22,0.39431987147227876,185000,$10.55,July 2024 through June 2025,3591
NC,22,0.4799867147984081,2197000,$7.25,July 2024 through June 2025,3773
ND,22,0.35256469963422754,131000,$7.25,July 2024 through June 2025,3669
NE,22,0.40366227405560934,375000,$13.50,July 2024 through June 2025,3287
NH,22,0.3070598417034827,207000,$7.25,July 2024 through June 2025,3004
NJ,22,0.31550958072319935,1294000,$15.49,July 2024 through June 2025,3693
NM,22,0.48001507326266035,410000,$12.00,July 2024 through June 2025,2991
NV,22,0.44729897959962917,629000,$12.00,July 2024 through June 2025,2854
NY,22,0.33453429681939245,2792000,$15.50,July 2024 through June 2025,6133
OH,22,0.39596380006357385,2011000,$10.70,July 2024 through June 2025,5600
OK,22,0.5001066056080387,865000,$7.25,July 2024 through June 2025,3180
OR,22,0.31344912999428387,572000,$14.70,July 2024 through June 2025,3819
PA,22,0.37351185767651635,2094000,$7.25,July 2024 through June 2025,5589
RI,22,0.3540207950518156,176000,$15.00,July 2024 through June 2025,1844
SC,22,0.45180439589550375,1018000,$7.25,July 2024 through June 2025,3070
SD,22,0.42639730406883963,182000,$11.50,July 2024 through June 2025,2749
TN,22,0.4133571845828117,1230000,$7.25,July 2024 through June 2025,3567
TX,22,0.4496234338060548,6009000,$7.25,July 2024 through June 2025,12906
UT,22,0.4044946463197315,633000,$7.25,July 2024 through June 2025,4229
VA,22,0.3301828226058666,1270000,$12.41,July 2024 through June 2025,3776
VT,22,0.325255433512275,95000,$14.01,July 2024 through June 2025,2687
WA,22,0.27067092857055336,912000,$16.66,July 2024 through June 2025,4301
WI,22,0.37428635036866964,1026000,$7.25,July 2024 through June 2025,3972
WV,22,0.5001320555951253,345000,$8.75,July 2024 through June 2025,3399
WY,22,0.4565953370324866,110000,$7.25,July 2024 through June 2025,2887
AK,23,0.3108883336516769,95000,$11.91,July 2024 through June 2025,2365
AL,23,0.5002973039122325,1047000,$7.25,July 2024 through June 2025,2718
AR,23,0.5321400072263928,669000,$11.00,July 2024 through June 2025,3137
AZ,23,0.41561750399805053,1296000,$14.70,July 2024 through June 2025,3363
CA,23,0.36007865843287185,5893000,$16.50,July 2024 through June 2025,17600
CO,23,0.30419362986634874,807000,$14.81,July 2024 through June 2025,2692
CT,23,0.3326784829447248,545000,$16.35,July 2024 through June 2025,2356
DC,23,0.15727138365144552,56000,$17.50,July 2024 through June 2025,4199
DE,23,0.4176785000877679,185000,$15.00,July 2024 through June 2025,2184
FL,23,0.4786773614269455,4352000,$13.00,July 2024 through June 2025,6951
GA,23,0.46474803783270324,2081000,$7.25,July 2024 through June 2025,3732
HI,23,0.4417695158028879,254000,$14.00,July 2024 through June 2025,2964
IA,23,0.48559098473995627,709000,$7.25,July 2024 through June 2025,2584
ID,23,0.4723959508075563,409000,$7.25,July 2024 through June 2025,4256
IL,23,0.3906572248505548,2219000,$15.00,July 2024 through June 2025,5818
IN,23,0.470438948189618,1465000,$7.25,July 2024 through June 2025,3625
KS,23,0.46782841523025126,626000,$7.25,July 2024 through June 2025,3017
KY,23,0.5380161114232445,960000,$7.25,July 2024 through June 2025,2132
LA,23,0.5408333512067447,935000,$7.25,July 2024 through June 2025,3079
MA,23,0.2708077987746131,901000,$15.00,July 2024 through June 2025,4400
MD,23,0.2969429696577621,835000,$15.00,July 2024 through June 2025,2612
ME,23,0.42615572717100886,249000,$14.65,July 2024 through June 2025,1592
MI,23,0.44068267419677326,1915000,$12.48,July 2024 through June 2025,4679
MN,23,0.3572352329182764,955000,$11.13,July 2024 through June 2025,3369
MO,23,0.4771893925450793,1307000,$13.75,July 2024 through June 2025,3323
MS,23,0.6300737850850768,710000,$7.25,July 2024 through June 2025,2955
MT,23,0.43281220575766866,203000,$10.55,July 2024 through June 2025,3591
NC,23,0.5128873920458471,2348000,$7.25,July 2024 through June 2025,3773
ND,23,0.3836455540432458,143000,$7.25,July 2024 through June 2025,3669
NE,23,0.4392252709806911,408000,$13.50,July 2024 through June 2025,3287
NH,23,0.3392140307550034,228000,$7.25,July 2024 through June 2025,3004
NJ,23,0.3358670342203333,1377000,$15.49,July 2024 through June 2025,3693
NM,23,0.5067415382921145,432000,$12.00,July 2024 through June 2025,2991
NV,23,0.4735354514174212,666000,$12.00,July 2024 through June 2025,2854
NY,23,0.36003103775704626,3005000,$15.50,July 2024 through June 2025,6133
OH,23,0.42319771676320894,2149000,$10.70,July 2024 through June 2025,5600
OK,23,0.5287117314755566,915000,$7.25,July 2024 through June 2025,3180
OR,23,0.3533855188283122,645000,$14.70,July 2024 through June 2025,3819
PA,23,0.402202722803781,2255000,$7.25,July 2024 through June 2025,5589
RI,23,0.37833529626539314,188000,$15.00,July 2024 through June 2025,1844
SC,23,0.487728567851766,1099000,$7.25,July 2024 through June 2025,3070
SD,23,0.46533463401349917,198000,$11.50,July 2024 through June 2025,2749
TN,23,0.45441600834028445,1352000,$7.25,July 2024 through June 2025,3567
TX,23,0.4738449361091596,6332000,$7.25,July 2024 through June 2025,12906
UT,23,0.4361555155540485,682000,$7.25,July 2024 through June 2025,4229
VA,23,0.34955904877491817,1345000,$12.41,July 2024 through June 2025,3776
VT,23,0.3634580104655923,106000,$14.01,July 2024 through June 2025,2687
WA,23,0.2984965383368852,1006000,$16.66,July 2024 through June 2025,4301
WI,23,0.4079212262818794,1119000,$7.25,July 2024 through June 2025,3972
WV,23,0.5277255813909586,364000,$8.75,July 2024 through June 2025,3399
WY,23,0.48436438222482037,117000,$7.25,July 2024 through June 2025,2887
AK,24,0.3380562165822432,103000,$11.91,July 2024 through June 2025,2365
AL,24,0.5233505529448531,1096000,$7.25,July 2024 through June 2025,2718
AR,24,0.5573461365525866,700000,$11.00,July 2024 through June 2025,3137
AZ,24,0.4431184541915078,1382000,$14.70,July 2024 through June 2025,3363
CA,24,0.3851702211581224,6304000,$16.50,July 2024 through June 2025,17600
CO,24,0.32986821296287544,875000,$14.81,July 2024 through June 2025,2692
CT,24,0.3544156667515843,580000,$16.35,July 2024 through June 2025,2356
DC,24,0.1653023951640502,59000,$17.50,July 2024 through June 2025,4199
DE,24,0.44824565947226214,199000,$15.00,July 2024 through June 2025,2184
FL,24,0.5016444988567416,4561000,$13.00,July 2024 through June 2025,6951
GA,24,0.4866350158207323,2179000,$7.25,July 2024 through June 2025,3732
HI,24,0.47397523234949707,272000,$14.00,July 2024 through June 2025,2964
IA,24,0.5155467251655066,752000,$7.25,July 2024 through June 2025,2584
ID,24,0.5090252015307669,441000,$7.25,July 2024 through June 2025,4256
IL,24,0.4135067066670837,2348000,$15.00,July 2024 through June 2025,5818
IN,24,0.5034682796145955,1568000,$7.25,July 2024 through June 2025,3625
KS,24,0.49853125716101937,667000,$7.25,July 2024 through June 2025,3017
KY,24,0.5613124421349182,1002000,$7.25,July 2024 through June 2025,2132
LA,24,0.5655713399698243,977000,$7.25,July 2024 through June 2025,3079
MA,24,0.2919422811835849,971000,$15.00,July 2024 through June 2025,4400
MD,24,0.3131651958471658,881000,$15.00,July 2024 through June 2025,2612
ME,24,0.45968797162502206,269000,$14.65,July 2024 through June 2025,1592
MI,24,0.46267056860496564,2010000,$12.48,July 2024 through June 2025,4679
MN,24,0.39201076884639746,1048000,$11.13,July 2024 through June 2025,3369
MO,24,0.5062770341316033,1387000,$13.75,July 2024 through June 2025,3323
MS,24,0.6522337555387763,735000,$7.25,July 2024 through June 2025,2955
MT,24,0.4634551380741038,217000,$10.55,July 2024 through June 2025,3591
NC,24,0.5370991689404861,2459000,$7.25,July 2024 through June 2025,3773
ND,24,0.4220868088069495,157000,$7.25,July 2024 through June 2025,3669
NE,24,0.4741272769582792,441000,$13.50,July 2024 through June 2025,3287
NH,24,0.36577603959892957,246000,$7.25,July 2024 through June 2025,3004
NJ,24,0.3563631081267431,1461000,$15.49,July 2024 through June 2025,3693
NM,24,0.5353023756347528,457000,$12.00,July 2024 through June 2025,2991
NV,24,0.505947216200295,711000,$12.00,July 2024 through June 2025,2854
NY,24,0.3809174500149817,3179000,$15.50,July 2024 through June 2025,6133
OH,24,0.44777448932146574,2274000,$10.70,July 2024 through June 2025,5600
OK,24,0.5508529144804251,953000,$7.25,July 2024 through June 2025,3180
OR,24,0.3883734261965947,709000,$14.70,July 2024 through June 2025,3819
PA,24,0.4242355625761574,2378000,$7.25,July 2024 through June 2025,5589
RI,24,0.3977233986019646,197000,$15.00,July 2024 through June 2025,1844
SC,24,0.5164930430630497,1163000,$7.25,July 2024 through June 2025,3070
SD,24,0.5015390505472794,214000,$11.50,July 2024 through June 2025,2749
TN,24,0.47846355321465434,1423000,$7.25,July 2024 through June 2025,3567
TX,24,0.5002688367037809,6686000,$7.25,July 2024 through June 2025,12906
UT,24,0.4645435192331362,727000,$7.25,July 2024 through June 2025,4229
VA,24,0.36490859077782917,1404000,$12.41,July 2024 through June 2025,3776
VT,24,0.39253367749198764,114000,$14.01,July 2024 through June 2025,2687
WA,24,0.32026062094208924,1079000,$16.66,July 2024 through June 2025,4301
WI,24,0.43906143299899225,1204000,$7.25,July 2024 through June 2025,3972
WV,24,0.5527866266199783,381000,$8.75,July 2024 through June 2025,3399
WY,24,0.5141175096900069,124000,$7.25,July 2024 through June 2025,2887
AK,25,0.36515908101758937,112000,$11.91,July 2024 through June 2025,2365
AL,25,0.5544322471358576,1161000,$7.25,July 2024 through June 2025,2718
AR,25,0.5898783856095208,741000,$11.00,July 2024 through June 2025,3137
AZ,25,0.46755522852533693,1458000,$14.70,July 2024 through June 2025,3363
CA,25,0.40758218703519117,6671000,$16.50,July 2024 through June 2025,17600
CO,25,0.35284080684622,936000,$14.81,July 2024 through June 2025,2692
CT,25,0.3778468313978811,619000,$16.35,July 2024 through June 2025,2356
DC,25,0.1819301785788447,65000,$17.50,July 2024 through June 2025,4199
DE,25,0.46829509468277003,207000,$15.00,July 2024 through June 2025,2184
FL,25,0.5302953746848852,4821000,$13.00,July 2024 through June 2025,6951
GA,25,0.5167952899929251,2314000,$7.25,July 2024 through June 2025,3732
HI,25,0.5134784478997563,295000,$14.00,July 2024 through June 2025,2964
IA,25,0.5423634182856115,791000,$7.25,July 2024 through June 2025,2584
ID,25,0.5379892599924831,466000,$7.25,July 2024 through June 2025,4256
IL,25,0.4379677355072766,2487000,$15.00,July 2024 through June 2025,5818
IN,25,0.5346239213500815,1665000,$7.25,July 2024 through June 2025,3625
KS,25,0.5235941546282009,701000,$7.25,July 2024 through June 2025,3017
KY,25,0.5904194298748384,1054000,$7.25,July 2024 through June 2025,2132
LA,25,0.5914352980777514,1022000,$7.25,July 2024 through June 2025,3079
MA,25,0.31557430269445785,1049000,$15.00,July 2024 through June 2025,4400
MD,25,0.3327439215737284,936000,$15.00,July 2024 through June 2025,2612
ME,25,0.48783035275448,285000,$14.65,July 2024 through June 2025,1592
MI,25,0.4892045603792717,2126000,$12.48,July 2024 through June 2025,4679
MN,25,0.41970753330145444,1122000,$11.13,July 2024 through June 2025,3369
MO,25,0.5341719622250982,1463000,$13.75,July 2024 through June 2025,3323
MS,25,0.6794841748560939,766000,$7.25,July 2024 through June 2025,2955
MT,25,0.48949413706963973,229000,$10.55,July 2024 through June 2025,3591
NC,25,0.5628442285181167,2576000,$7.25,July 2024 through June 2025,3773
ND,25,0.4547596830744789,169000,$7.25,July 2024 through June 2025,3669
NE,25,0.5027825135481898,467000,$13.50,July 2024 through June 2025,3287
NH,25,0.389651722905483,262000,$7.25,July 2024 through June 2025,3004
NJ,25,0.37993442444740816,1558000,$15.49,July 2024 through June 2025,3693
NM,25,0.5569864444006287,475000,$12.00,July 2024 through June 2025,2991
NV,25,0.5295054908698495,744000,$12.00,July 2024 through June 2025,2854
NY,25,0.405095465492657,3381000,$15.50,July 2024 through June 2025,6133
OH,25,0.4735456050888497,2405000,$10.70,July 2024 through June 2025,5600
OK,25,0.5786381115341659,1001000,$7.25,July 2024 through June 2025,3180
OR,25,0.42098275679195385,769000,$14.70,July 2024 through June 2025,3819
PA,25,0.44868829473373806,2515000,$7.25,July 2024 through June 2025,5589
RI,25,0.42352265076967505,210000,$15.00,July 2024 through June 2025,1844
SC,25,0.5456271089515691,1229000,$7.25,July 2024 through June 2025,3070
SD,25,0.5402971305866774,230000,$11.50,July 2024 through June 2025,2749
TN,25,0.5179041736918,1540000,$7.25,July 2024 through June 2025,3567
TX,25,0.524805341698751,7014000,$7.25,July 2024 through June 2025,12906
UT,25,0.4906578703216163,767000,$7.25,July 2024 through June 2025,4229
VA,25,0.38792795616326853,1492000,$12.41,July 2024 through June 2025,3776
VT,25,0.42675609480847454,124000,$14.01,July 2024 through June 2025,2687
WA,25,0.3437095479086088,1158000,$16.66,July 2024 through June 2025,4301
WI,25,0.4684923018696527,1285000,$7.25,July 2024 through June 2025,3972
WV,25,0.5829854954633911,402000,$8.75,July 2024 through June 2025,3399
WY,25,0.5410001523560397,131000,$7.25,July 2024 through June 2025,2887
