"CPI value",Notes,US,AK,AL,AR,AZ,CA,CO,CT,DC,DE,FL,GA,HI,IA,ID,IL,IN,KS,KY,LA,MA,MD,ME,MI,MN,MO,MS,MT,NC,ND,NE,NH,NJ,NM,NV,NY,OH,OK,OR,PA,RI,SC,SD,TN,TX,UT,VA,VT,WA,WI,WV,WY
207.342,2007/01/01,5.15,7.15,5.15,6.25,6.75,7.5,6.85,7.65,7,6.65,6.67,5.15,7.25,5.15,5.15,6.5,5.15,5.15,5.15,5.15,7.5,6.15,6.75,6.95,6.15,6.5,5.15,6.15,6.15,5.15,5.15,5.15,7.15,5.15,6.15,7.15,6.85,5.15,7.8,6.25,7.4,5.15,5.15,5.15,5.15,5.15,5.15,7.53,7.93,6.5,5.15,5.15
207.342,2007/02/01,5.15,7.15,5.15,6.25,6.75,7.5,6.85,7.65,7,6.65,6.67,5.15,7.25,5.15,5.15,6.5,5.15,5.15,5.15,5.15,7.5,6.15,6.75,6.95,6.15,6.5,5.15,6.15,6.15,5.15,5.15,5.15,7.15,5.15,6.15,7.15,6.85,5.15,7.8,6.25,7.4,5.15,5.15,5.15,5.15,5.15,5.15,7.53,7.93,6.5,5.15,5.15
207.342,2007/03/01,5.15,7.15,5.15,6.25,6.75,7.5,6.85,7.65,7,6.65,6.67,5.15,7.25,5.15,5.15,6.5,5.15,5.15,5.15,5.15,7.5,6.15,6.75,6.95,6.15,6.5,5.15,6.15,6.15,5.15,5.15,5.15,7.15,5.15,6.15,7.15,6.85,5.15,7.8,6.25,7.4,5.15,5.15,5.15,5.15,5.15,5.15,7.53,7.93,6.5,5.15,5.15
207.342,2007/04/01,5.15,7.15,5.15,6.25,6.75,7.5,6.85,7.65,7,6.65,6.67,5.15,7.25,6.2,5.15,6.5,5.15,5.15,5.15,5.15,7.5,6.15,6.75,6.95,6.15,6.5,5.15,6.15,6.15,5.15,5.15,5.15,7.15,5.15,6.15,7.15,6.85,5.15,7.8,6.25,7.4,5.15,5.15,5.15,5.15,5.15,5.15,7.53,7.93,6.5,5.15,5.15
207.342,2007/05/01,5.15,7.15,5.15,6.25,6.75,7.5,6.85,7.65,7,6.65,6.67,5.15,7.25,6.2,5.15,6.5,5.15,5.15,5.15,5.15,7.5,6.15,6.75,6.95,6.15,6.5,5.15,6.15,6.15,5.15,5.15,5.15,7.15,5.15,6.15,7.15,6.85,5.15,7.8,6.25,7.4,5.15,5.15,5.15,5.15,5.15,5.15,7.53,7.93,6.5,5.15,5.15
207.342,2007/06/01,5.15,7.15,5.15,6.25,6.75,7.5,6.85,7.65,7,6.65,6.67,5.15,7.25,6.2,5.15,6.5,5.15,5.15,5.15,5.15,7.5,6.15,6.75,6.95,6.15,6.5,5.15,6.15,6.15,5.15,5.15,5.15,7.15,5.15,6.15,7.15,6.85,5.15,7.8,6.25,7.4,5.15,5.15,5.15,5.15,5.15,5.15,7.53,7.93,6.5,5.15,5.15
207.342,2007/07/01,5.85,7.15,5.85,6.25,6.75,7.5,6.85,7.65,7,6.65,6.67,5.85,7.25,6.2,5.85,7.5,5.85,5.85,5.85,5.85,7.5,6.15,6.75,7.15,6.15,6.5,5.85,6.15,6.15,5.85,5.85,5.85,7.15,5.85,6.15,7.15,6.85,5.85,7.8,7.15,7.4,5.85,5.85,5.85,5.85,5.85,5.85,7.53,7.93,6.5,5.85,5.85
207.342,2007/08/01,5.85,7.15,5.85,6.25,6.75,7.5,6.85,7.65,7,6.65,6.67,5.85,7.25,6.2,5.85,7.5,5.85,5.85,5.85,5.85,7.5,6.15,6.75,7.15,6.15,6.5,5.85,6.15,6.15,5.85,5.85,5.85,7.15,5.85,6.15,7.15,6.85,5.85,7.8,7.15,7.4,5.85,5.85,5.85,5.85,5.85,5.85,7.53,7.93,6.5,5.85,5.85
207.342,2007/09/01,5.85,7.15,5.85,6.25,6.75,7.5,6.85,7.65,7,6.65,6.67,5.85,7.25,6.2,5.85,7.5,5.85,5.85,5.85,5.85,7.5,6.15,6.75,7.15,6.15,6.5,5.85,6.15,6.15,5.85,5.85,5.85,7.15,5.85,6.15,7.15,6.85,5.85,7.8,7.15,7.4,5.85,5.85,5.85,5.85,5.85,5.85,7.53,7.93,6.5,5.85,5.85
207.342,2007/10/01,5.85,7.15,5.85,6.25,6.75,7.5,6.85,7.65,7,6.65,6.67,5.85,7.25,6.2,5.85,7.5,5.85,5.85,5.85,5.85,7.5,6.15,7,7.15,6.15,6.5,5.85,6.15,6.15,5.85,5.85,5.85,7.15,5.85,6.15,7.15,6.85,5.85,7.8,7.15,7.4,5.85,5.85,5.85,5.85,5.85,5.85,7.53,7.93,6.5,5.85,5.85
207.342,2007/11/01,5.85,7.15,5.85,6.25,6.75,7.5,6.85,7.65,7,6.65,6.67,5.85,7.25,6.2,5.85,7.5,5.85,5.85,5.85,5.85,7.5,6.15,7,7.15,6.15,6.5,5.85,6.15,6.15,5.85,5.85,5.85,7.15,5.85,6.33,7.15,6.85,5.85,7.8,7.15,7.4,5.85,5.85,5.85,5.85,5.85,5.85,7.53,7.93,6.5,5.85,5.85
207.342,2007/12/01,5.85,7.15,5.85,6.25,6.75,7.5,6.85,7.65,7,6.65,6.67,5.85,7.25,7.25,5.85,7.5,5.85,5.85,5.85,5.85,7.5,6.15,7,7.15,6.15,6.5,5.85,6.15,6.15,5.85,5.85,5.85,7.15,5.85,6.33,7.15,6.85,5.85,7.8,7.15,7.4,5.85,5.85,5.85,5.85,5.85,5.85,7.53,7.93,6.5,5.85,5.85
215.303,2008/01/01,5.85,7.15,5.85,6.25,6.9,8,7.02,7.65,7,7.15,6.79,5.85,7.25,7.25,5.85,7.5,5.85,5.85,5.85,5.85,8,6.15,7,7.15,6.15,6.65,5.85,6.25,6.15,5.85,5.85,6.5,7.15,6.5,6.33,7.15,7,5.85,7.95,7.15,7.4,5.85,5.85,5.85,5.85,5.85,5.85,7.68,8.07,6.5,5.85,5.85
215.303,2008/02/01,5.85,7.15,5.85,6.25,6.9,8,7.02,7.65,7,7.15,6.79,5.85,7.25,7.25,5.85,7.5,5.85,5.85,5.85,5.85,8,6.15,7,7.15,6.15,6.65,5.85,6.25,6.15,5.85,5.85,6.5,7.15,6.5,6.33,7.15,7,5.85,7.95,7.15,7.4,5.85,5.85,5.85,5.85,5.85,5.85,7.68,8.07,6.5,5.85,5.85
215.303,2008/03/01,5.85,7.15,5.85,6.25,6.9,8,7.02,7.65,7,7.15,6.79,5.85,7.25,7.25,5.85,7.5,5.85,5.85,5.85,5.85,8,6.15,7,7.15,6.15,6.65,5.85,6.25,6.15,5.85,5.85,6.5,7.15,6.5,6.33,7.15,7,5.85,7.95,7.15,7.4,5.85,5.85,5.85,5.85,5.85,5.85,7.68,8.07,6.5,5.85,5.85
215.303,2008/04/01,5.85,7.15,5.85,6.25,6.9,8,7.02,7.65,7,7.15,6.79,5.85,7.25,7.25,5.85,7.5,5.85,5.85,5.85,5.85,8,6.15,7,7.15,6.15,6.65,5.85,6.25,6.15,5.85,5.85,6.5,7.15,6.5,6.33,7.15,7,5.85,7.95,7.15,7.4,5.85,5.85,5.85,5.85,5.85,5.85,7.68,8.07,6.5,5.85,5.85
215.303,2008/05/01,5.85,7.15,5.85,6.25,6.9,8,7.02,7.65,7,7.15,6.79,5.85,7.25,7.25,5.85,7.5,5.85,5.85,5.85,5.85,8,6.15,7,7.15,6.15,6.65,5.85,6.25,6.15,5.85,5.85,6.5,7.15,6.5,6.33,7.15,7,5.85,7.95,7.15,7.4,5.85,5.85,5.85,5.85,5.85,5.85,7.68,8.07,6.5,5.85,5.85
215.303,2008/06/01,5.85,7.15,5.85,6.25,6.9,8,7.02,7.65,7,7.15,6.79,5.85,7.25,7.25,5.85,7.5,5.85,5.85,5.85,5.85,8,6.15,7,7.15,6.15,6.65,5.85,6.25,6.15,5.85,5.85,6.5,7.15,6.5,6.33,7.15,7,5.85,7.95,7.15,7.4,5.85,5.85,5.85,5.85,5.85,5.85,7.68,8.07,6.5,5.85,5.85
215.303,2008/07/01,6.55,7.15,6.55,6.55,6.9,8,7.02,7.65,7,7.15,6.79,6.55,7.25,7.25,6.55,7.5,6.55,6.55,6.55,6.55,8,6.55,7,7.15,6.55,6.65,6.55,6.55,6.55,6.55,6.55,6.5,7.15,6.5,6.55,7.15,7,6.55,7.95,7.15,7.4,6.55,6.55,6.55,6.55,6.55,6.55,7.68,8.07,6.55,6.55,6.55
215.303,2008/08/01,6.55,7.15,6.55,6.55,6.9,8,7.02,7.65,7,7.15,6.79,6.55,7.25,7.25,6.55,7.5,6.55,6.55,6.55,6.55,8,6.55,7,7.15,6.55,6.65,6.55,6.55,6.55,6.55,6.55,6.5,7.15,6.5,6.55,7.15,7,6.55,7.95,7.15,7.4,6.55,6.55,6.55,6.55,6.55,6.55,7.68,8.07,6.55,6.55,6.55
215.303,2008/09/01,6.55,7.15,6.55,6.55,6.9,8,7.02,7.65,7,7.15,6.79,6.55,7.25,7.25,6.55,7.5,6.55,6.55,6.55,6.55,8,6.55,7,7.15,6.55,6.65,6.55,6.55,6.55,6.55,6.55,6.5,7.15,6.5,6.55,7.15,7,6.55,7.95,7.15,7.4,6.55,6.55,6.55,6.55,6.55,6.55,7.68,8.07,6.55,6.55,6.55
215.303,2008/10/01,6.55,7.15,6.55,6.55,6.9,8,7.02,7.65,7,7.15,6.79,6.55,7.25,7.25,6.55,7.5,6.55,6.55,6.55,6.55,8,6.55,7,7.15,6.55,6.65,6.55,6.55,6.55,6.55,6.55,6.5,7.15,6.5,6.55,7.15,7,6.55,7.95,7.15,7.4,6.55,6.55,6.55,6.55,6.55,6.55,7.68,8.07,6.55,6.55,6.55
215.303,2008/11/01,6.55,7.15,6.55,6.55,6.9,8,7.02,7.65,7,7.15,6.79,6.55,7.25,7.25,6.55,7.5,6.55,6.55,6.55,6.55,8,6.55,7,7.15,6.55,6.65,6.55,6.55,6.55,6.55,6.55,6.5,7.15,6.5,6.55,7.15,7,6.55,7.95,7.15,7.4,6.55,6.55,6.55,6.55,6.55,6.55,7.68,8.07,6.55,6.55,6.55
215.303,2008/12/01,6.55,7.15,6.55,6.55,6.9,8,7.02,7.65,7,7.15,6.79,5.15,7.25,7.25,6.55,7.5,6.55,6.55,6.55,6.55,8,6.55,7,7.15,6.55,6.65,6.55,6.55,6.55,6.55,6.55,6.5,7.15,6.5,6.55,7.15,7,6.55,7.95,7.15,7.4,6.55,6.55,6.55,6.55,6.55,6.55,7.68,8.07,6.55,6.55,6.55
214.537,2009/01/01,6.55,7.15,6.55,6.55,7.25,8,7.28,8,7.55,7.15,7.21,6.55,7.25,7.25,6.55,8,6.55,6.55,6.55,6.55,8,6.55,7.25,7.4,6.55,7.05,6.55,6.9,6.55,6.55,6.55,7.25,7.15,7.5,6.85,7.15,7.3,6.55,8.4,7.15,7.4,6.55,6.55,6.55,6.55,6.55,6.55,8.06,8.55,6.55,6.55,6.55
214.537,2009/02/01,6.55,7.15,6.55,6.55,7.25,8,7.28,8,7.55,7.15,7.21,6.55,7.25,7.25,6.55,8,6.55,6.55,6.55,6.55,8,6.55,7.25,7.4,6.55,7.05,6.55,6.9,6.55,6.55,6.55,7.25,7.15,7.5,6.55,7.15,7.3,6.55,8.4,7.15,7.4,6.55,6.55,6.55,6.55,6.55,6.55,8.06,8.55,6.55,6.55,6.55
214.537,2009/03/01,6.55,7.15,6.55,6.55,7.25,8,7.28,8,7.55,7.15,7.21,6.55,7.25,7.25,6.55,8,6.55,6.55,6.55,6.55,8,6.55,7.25,7.4,6.55,7.05,6.55,6.9,6.55,6.55,6.55,7.25,7.15,7.5,6.55,7.15,7.3,6.55,8.4,7.15,7.4,6.55,6.55,6.55,6.55,6.55,6.55,8.06,8.55,6.55,6.55,6.55
214.537,2009/04/01,6.55,7.15,6.55,6.55,7.25,8,7.28,8,7.55,7.15,7.21,6.55,7.25,7.25,6.55,8,6.55,6.55,6.55,6.55,8,6.55,7.25,7.4,6.55,7.05,6.55,6.9,6.55,6.55,6.55,7.25,7.15,7.5,6.55,7.15,7.3,6.55,8.4,7.15,7.4,6.55,6.55,6.55,6.55,6.55,6.55,8.06,8.55,6.55,6.55,6.55
214.537,2009/05/01,6.55,7.15,6.55,6.55,7.25,8,7.28,8,7.55,7.15,7.21,6.55,7.25,7.25,6.55,8,6.55,6.55,6.55,6.55,8,6.55,7.25,7.4,6.55,7.05,6.55,6.9,6.55,6.55,6.55,7.25,7.15,7.5,6.55,7.15,7.3,6.55,8.4,7.15,7.4,6.55,6.55,6.55,6.55,6.55,6.55,8.06,8.55,6.55,6.55,6.55
214.537,2009/06/01,6.55,7.15,6.55,6.55,7.25,8,7.28,8,7.55,7.15,7.21,6.55,7.25,7.25,6.55,8,6.55,6.55,6.55,6.55,8,6.55,7.25,7.4,6.55,7.05,6.55,6.9,6.55,6.55,6.55,7.25,7.15,7.5,6.55,7.15,7.3,6.55,8.4,7.15,7.4,6.55,6.55,6.55,6.55,6.55,6.55,8.06,8.55,6.55,6.55,6.55
214.537,2009/07/01,7.25,7.25,7.25,7.25,7.25,8,7.28,8,7.55,7.25,7.25,7.25,7.25,7.25,7.25,8,7.25,7.25,7.25,7.25,8,7.25,7.25,7.4,7.25,7.25,7.25,7.25,7.25,7.25,7.25,7.25,7.25,7.5,7.25,7.25,7.3,7.25,8.4,7.25,7.4,7.25,7.25,7.25,7.25,7.25,7.25,8.06,8.55,7.25,7.25,7.25
214.537,2009/08/01,7.25,7.25,7.25,7.25,7.25,8,7.28,8,7.55,7.25,7.25,7.25,7.25,7.25,7.25,8,7.25,7.25,7.25,7.25,8,7.25,7.25,7.4,7.25,7.254,7.25,7.25,7.25,7.25,7.25,7.25,7.25,7.5,7.25,7.25,7.3,7.25,8.4,7.25,7.4,7.25,7.25,7.25,7.25,7.25,7.25,8.06,8.55,7.25,7.25,7.25
214.537,2009/09/01,7.25,7.25,7.25,7.25,7.25,8,7.28,8,7.55,7.25,7.25,7.25,7.25,7.25,7.25,8,7.25,7.25,7.25,7.25,8,7.25,7.25,7.4,7.25,7.254,7.25,7.25,7.25,7.25,7.25,7.25,7.25,7.5,7.25,7.25,7.3,7.25,8.4,7.25,7.4,7.25,7.25,7.25,7.25,7.25,7.25,8.06,8.55,7.25,7.25,7.25
214.537,2009/10/01,7.25,7.25,7.25,7.25,7.25,8,7.28,8,7.55,7.25,7.25,7.25,7.25,7.25,7.25,8,7.25,7.25,7.25,7.25,8,7.25,7.5,7.4,7.25,7.254,7.25,7.25,7.25,7.25,7.25,7.25,7.25,7.5,7.25,7.25,7.3,7.25,8.4,7.25,7.4,7.25,7.25,7.25,7.25,7.25,7.25,8.06,8.55,7.25,7.25,7.25
214.537,2009/11/01,7.25,7.25,7.25,7.25,7.25,8,7.28,8,7.55,7.25,7.25,7.25,7.25,7.25,7.25,8,7.25,7.25,7.25,7.25,8,7.25,7.5,7.4,7.25,7.254,7.25,7.25,7.25,7.25,7.25,7.25,7.25,7.5,7.25,7.25,7.3,7.25,8.4,7.25,7.4,7.25,7.25,7.25,7.25,7.25,7.25,8.06,8.55,7.25,7.25,7.25
214.537,2009/12/01,7.25,7.25,7.25,7.25,7.25,8,7.28,8,7.55,7.25,7.25,7.25,7.25,7.25,7.25,8,7.25,7.25,7.25,7.25,8,7.25,7.5,7.4,7.25,7.254,7.25,7.25,7.25,7.25,7.25,7.25,7.25,7.5,7.25,7.25,7.3,7.25,8.4,7.25,7.4,7.25,7.25,7.25,7.25,7.25,7.25,8.06,8.55,7.25,7.25,7.25
218.056,2010/01/01,7.25,7.75,7.25,7.25,7.25,8,7.24,8.25,8.25,7.25,7.25,7.25,7.25,7.25,7.25,8,7.25,7.25,7.25,7.25,8,7.25,7.5,7.4,7.25,7.254,7.25,7.25,7.25,7.25,7.25,7.25,7.25,7.5,7.25,7.25,7.3,7.25,8.4,7.25,7.4,7.25,7.25,7.25,7.25,7.25,7.25,8.06,8.55,7.25,7.25,7.25
218.056,2010/02/01,7.25,7.75,7.25,7.25,7.25,8,7.24,8.25,8.25,7.25,7.25,7.25,7.25,7.25,7.25,8,7.25,7.25,7.25,7.25,8,7.25,7.5,7.4,7.25,7.254,7.25,7.25,7.25,7.25,7.25,7.25,7.25,7.5,7.25,7.25,7.3,7.25,8.4,7.25,7.4,7.25,7.25,7.25,7.25,7.25,7.25,8.06,8.55,7.25,7.25,7.25
218.056,2010/03/01,7.25,7.75,7.25,7.25,7.25,8,7.24,8.25,8.25,7.25,7.25,7.25,7.25,7.25,7.25,8,7.25,7.25,7.25,7.25,8,7.25,7.5,7.4,7.25,7.254,7.25,7.25,7.25,7.25,7.25,7.25,7.25,7.5,7.25,7.25,7.3,7.25,8.4,7.25,7.4,7.25,7.25,7.25,7.25,7.25,7.25,8.06,8.55,7.25,7.25,7.25
218.056,2010/04/01,7.25,7.75,7.25,7.25,7.25,8,7.24,8.25,8.25,7.25,7.25,7.25,7.25,7.25,7.25,8,7.25,7.25,7.25,7.25,8,7.25,7.5,7.4,7.25,7.254,7.25,7.25,7.25,7.25,7.25,7.25,7.25,7.5,7.25,7.25,7.3,7.25,8.4,7.25,7.4,7.25,7.25,7.25,7.25,7.25,7.25,8.06,8.55,7.25,7.25,7.25
218.056,2010/05/01,7.25,7.75,7.25,7.25,7.25,8,7.24,8.25,8.25,7.25,7.25,7.25,7.25,7.25,7.25,8,7.25,7.25,7.25,7.25,8,7.25,7.5,7.4,7.25,7.254,7.25,7.25,7.25,7.25,7.25,7.25,7.25,7.5,7.25,7.25,7.3,7.25,8.4,7.25,7.4,7.25,7.25,7.25,7.25,7.25,7.25,8.06,8.55,7.25,7.25,7.25
218.056,2010/06/01,7.25,7.75,7.25,7.25,7.25,8,7.24,8.25,8.25,7.25,7.25,7.25,7.25,7.25,7.25,8,7.25,7.25,7.25,7.25,8,7.25,7.5,7.4,7.25,7.254,7.25,7.25,7.25,7.25,7.25,7.25,7.25,7.5,7.25,7.25,7.3,7.25,8.4,7.25,7.4,7.25,7.25,7.25,7.25,7.25,7.25,8.06,8.55,7.25,7.25,7.25
218.056,2010/07/01,7.25,7.75,7.25,7.25,7.25,8,7.24,8.25,8.25,7.25,7.25,7.25,7.25,7.25,7.25,8.25,7.25,7.25,7.25,7.25,8,7.25,7.5,7.4,7.25,7.254,7.25,7.25,7.25,7.25,7.25,7.25,7.25,7.5,7.55,7.25,7.3,7.25,8.4,7.25,7.4,7.25,7.25,7.25,7.25,7.25,7.25,8.06,8.55,7.25,7.25,7.25
218.056,2010/08/01,7.25,7.75,7.25,7.25,7.25,8,7.24,8.25,8.25,7.25,7.25,7.25,7.25,7.25,7.25,8.25,7.25,7.25,7.25,7.25,8,7.25,7.5,7.4,7.25,7.254,7.25,7.25,7.25,7.25,7.25,7.25,7.25,7.5,7.55,7.25,7.3,7.25,8.4,7.25,7.4,7.25,7.25,7.25,7.25,7.25,7.25,8.06,8.55,7.25,7.25,7.25
218.056,2010/09/01,7.25,7.75,7.25,7.25,7.25,8,7.24,8.25,8.25,7.25,7.25,7.25,7.25,7.25,7.25,8.25,7.25,7.25,7.25,7.25,8,7.25,7.5,7.4,7.25,7.254,7.25,7.25,7.25,7.25,7.25,7.25,7.25,7.5,7.55,7.25,7.3,7.25,8.4,7.25,7.4,7.25,7.25,7.25,7.25,7.25,7.25,8.06,8.55,7.25,7.25,7.25
218.056,2010/10/01,7.25,7.75,7.25,7.25,7.25,8,7.24,8.25,8.25,7.25,7.25,7.25,7.25,7.25,7.25,8.25,7.25,7.25,7.25,7.25,8,7.25,7.5,7.4,7.25,7.254,7.25,7.25,7.25,7.25,7.25,7.25,7.25,7.5,7.55,7.25,7.3,7.25,8.4,7.25,7.4,7.25,7.25,7.25,7.25,7.25,7.25,8.06,8.55,7.25,7.25,7.25
218.056,2010/11/01,7.25,7.75,7.25,7.25,7.25,8,7.24,8.25,8.25,7.25,7.25,7.25,7.25,7.25,7.25,8.25,7.25,7.25,7.25,7.25,8,7.25,7.5,7.4,7.25,7.254,7.25,7.25,7.25,7.25,7.25,7.25,7.25,7.5,7.55,7.25,7.3,7.25,8.4,7.25,7.4,7.25,7.25,7.25,7.25,7.25,7.25,8.06,8.55,7.25,7.25,7.25
218.056,2010/12/01,7.25,7.75,7.25,7.25,7.25,8,7.24,8.25,8.25,7.25,7.25,7.25,7.25,7.25,7.25,8.25,7.25,7.25,7.25,7.25,8,7.25,7.5,7.4,7.25,7.254,7.25,7.25,7.25,7.25,7.25,7.25,7.25,7.5,7.55,7.25,7.3,7.25,8.4,7.25,7.4,7.25,7.25,7.25,7.25,7.25,7.25,8.06,8.55,7.25,7.25,7.25
224.939,2011/01/01,7.25,7.75,7.25,7.25,7.35,8,7.36,8.25,8.25,7.25,7.25,7.25,7.25,7.25,7.25,8.25,7.25,7.25,7.25,7.25,8,7.25,7.5,7.4,7.25,7.254,7.25,7.35,7.25,7.25,7.25,7.25,7.25,7.5,7.55,7.25,7.4,7.25,8.5,7.25,7.4,7.25,7.25,7.25,7.25,7.25,7.25,8.15,8.67,7.25,7.25,7.25
224.939,2011/02/01,7.25,7.75,7.25,7.25,7.35,8,7.36,8.25,8.25,7.25,7.25,7.25,7.25,7.25,7.25,8.25,7.25,7.25,7.25,7.25,8,7.25,7.5,7.4,7.25,7.254,7.25,7.35,7.25,7.25,7.25,7.25,7.25,7.5,7.55,7.25,7.4,7.25,8.5,7.25,7.4,7.25,7.25,7.25,7.25,7.25,7.25,8.15,8.67,7.25,7.25,7.25
224.939,2011/03/01,7.25,7.75,7.25,7.25,7.35,8,7.36,8.25,8.25,7.25,7.25,7.25,7.25,7.25,7.25,8.25,7.25,7.25,7.25,7.25,8,7.25,7.5,7.4,7.25,7.254,7.25,7.35,7.25,7.25,7.25,7.25,7.25,7.5,7.55,7.25,7.4,7.25,8.5,7.25,7.4,7.25,7.25,7.25,7.25,7.25,7.25,8.15,8.67,7.25,7.25,7.25
224.939,2011/04/01,7.25,7.75,7.25,7.25,7.35,8,7.36,8.25,8.25,7.25,7.25,7.25,7.25,7.25,7.25,8.25,7.25,7.25,7.25,7.25,8,7.25,7.5,7.4,7.25,7.254,7.25,7.35,7.25,7.25,7.25,7.25,7.25,7.5,7.55,7.25,7.4,7.25,8.5,7.25,7.4,7.25,7.25,7.25,7.25,7.25,7.25,8.15,8.67,7.25,7.25,7.25
224.939,2011/05/01,7.25,7.75,7.25,7.25,7.35,8,7.36,8.25,8.25,7.25,7.25,7.25,7.25,7.25,7.25,8.25,7.25,7.25,7.25,7.25,8,7.25,7.5,7.4,7.25,7.254,7.25,7.35,7.25,7.25,7.25,7.25,7.25,7.5,7.55,7.25,7.4,7.25,8.5,7.25,7.4,7.25,7.25,7.25,7.25,7.25,7.25,8.15,8.67,7.25,7.25,7.25
224.939,2011/06/01,7.25,7.75,7.25,7.25,7.35,8,7.36,8.25,8.25,7.25,7.31,7.25,7.25,7.25,7.25,8.25,7.25,7.25,7.25,7.25,8,7.25,7.5,7.4,7.25,7.254,7.25,7.35,7.25,7.25,7.25,7.25,7.25,7.5,7.55,7.25,7.4,7.25,8.5,7.25,7.4,7.25,7.25,7.25,7.25,7.25,7.25,8.15,8.67,7.25,7.25,7.25
224.939,2011/07/01,7.25,7.75,7.25,7.25,7.35,8,7.36,8.25,8.25,7.25,7.31,7.25,7.25,7.25,7.25,8.25,7.25,7.25,7.25,7.25,8,7.25,7.5,7.4,7.25,7.254,7.25,7.35,7.25,7.25,7.25,7.25,7.25,7.5,8.25,7.25,7.4,7.25,8.5,7.25,7.4,7.25,7.25,7.25,7.25,7.25,7.25,8.15,8.67,7.25,7.25,7.25
224.939,2011/08/01,7.25,7.75,7.25,7.25,7.35,8,7.36,8.25,8.25,7.25,7.31,7.25,7.25,7.25,7.25,8.25,7.25,7.25,7.25,7.25,8,7.25,7.5,7.4,7.25,7.254,7.25,7.35,7.25,7.25,7.25,7.25,7.25,7.5,8.25,7.25,7.4,7.25,8.5,7.25,7.4,7.25,7.25,7.25,7.25,7.25,7.25,8.15,8.67,7.25,7.25,7.25
224.939,2011/09/01,7.25,7.75,7.25,7.25,7.35,8,7.36,8.25,8.25,7.25,7.31,7.25,7.25,7.25,7.25,8.25,7.25,7.25,7.25,7.25,8,7.25,7.5,7.4,7.25,7.254,7.25,7.35,7.25,7.25,7.25,7.25,7.25,7.5,8.25,7.25,7.4,7.25,8.5,7.25,7.4,7.25,7.25,7.25,7.25,7.25,7.25,8.15,8.67,7.25,7.25,7.25
224.939,2011/10/01,7.25,7.75,7.25,7.25,7.35,8,7.36,8.25,8.25,7.25,7.31,7.25,7.25,7.25,7.25,8.25,7.25,7.25,7.25,7.25,8,7.25,7.5,7.4,7.25,7.254,7.25,7.35,7.25,7.25,7.25,7.25,7.25,7.5,8.25,7.25,7.4,7.25,8.5,7.25,7.4,7.25,7.25,7.25,7.25,7.25,7.25,8.15,8.67,7.25,7.25,7.25
224.939,2011/11/01,7.25,7.75,7.25,7.25,7.35,8,7.36,8.25,8.25,7.25,7.31,7.25,7.25,7.25,7.25,8.25,7.25,7.25,7.25,7.25,8,7.25,7.5,7.4,7.25,7.254,7.25,7.35,7.25,7.25,7.25,7.25,7.25,7.5,8.25,7.25,7.4,7.25,8.5,7.25,7.4,7.25,7.25,7.25,7.25,7.25,7.25,8.15,8.67,7.25,7.25,7.25
224.939,2011/12/01,7.25,7.75,7.25,7.25,7.35,8,7.36,8.25,8.25,7.25,7.31,7.25,7.25,7.25,7.25,8.25,7.25,7.25,7.25,7.25,8,7.25,7.5,7.4,7.25,7.254,7.25,7.35,7.25,7.25,7.25,7.25,7.25,7.5,8.25,7.25,7.4,7.25,8.5,7.25,7.4,7.25,7.25,7.25,7.25,7.25,7.25,8.15,8.67,7.25,7.25,7.25
229.594,2012/01/01,7.25,7.75,7.25,7.25,7.65,8,7.64,8.25,8.25,7.25,7.67,7.25,7.25,7.25,7.25,8.25,7.25,7.25,7.25,7.25,8,7.25,7.5,7.4,7.25,7.254,7.25,7.65,7.25,7.25,7.25,7.25,7.25,7.5,8.25,7.25,7.7,7.25,8.8,7.25,7.4,7.25,7.25,7.25,7.25,7.25,7.25,8.46,9.04,7.25,7.25,7.25
229.594,2012/02/01,7.25,7.75,7.25,7.25,7.65,8,7.64,8.25,8.25,7.25,7.67,7.25,7.25,7.25,7.25,8.25,7.25,7.25,7.25,7.25,8,7.25,7.5,7.4,7.25,7.254,7.25,7.65,7.25,7.25,7.25,7.25,7.25,7.5,8.25,7.25,7.7,7.25,8.8,7.25,7.4,7.25,7.25,7.25,7.25,7.25,7.25,8.46,9.04,7.25,7.25,7.25
229.594,2012/03/01,7.25,7.75,7.25,7.25,7.65,8,7.64,8.25,8.25,7.25,7.67,7.25,7.25,7.25,7.25,8.25,7.25,7.25,7.25,7.25,8,7.25,7.5,7.4,7.25,7.254,7.25,7.65,7.25,7.25,7.25,7.25,7.25,7.5,8.25,7.25,7.7,7.25,8.8,7.25,7.4,7.25,7.25,7.25,7.25,7.25,7.25,8.46,9.04,7.25,7.25,7.25
229.594,2012/04/01,7.25,7.75,7.25,7.25,7.65,8,7.64,8.25,8.25,7.25,7.67,7.25,7.25,7.25,7.25,8.25,7.25,7.25,7.25,7.25,8,7.25,7.5,7.4,7.25,7.254,7.25,7.65,7.25,7.25,7.25,7.25,7.25,7.5,8.25,7.25,7.7,7.25,8.8,7.25,7.4,7.25,7.25,7.25,7.25,7.25,7.25,8.46,9.04,7.25,7.25,7.25
229.594,2012/05/01,7.25,7.75,7.25,7.25,7.65,8,7.64,8.25,8.25,7.25,7.67,7.25,7.25,7.25,7.25,8.25,7.25,7.25,7.25,7.25,8,7.25,7.5,7.4,7.25,7.254,7.25,7.65,7.25,7.25,7.25,7.25,7.25,7.5,8.25,7.25,7.7,7.25,8.8,7.25,7.4,7.25,7.25,7.25,7.25,7.25,7.25,8.46,9.04,7.25,7.25,7.25
229.594,2012/06/01,7.25,7.75,7.25,7.25,7.65,8,7.64,8.25,8.25,7.25,7.67,7.25,7.25,7.25,7.25,8.25,7.25,7.25,7.25,7.25,8,7.25,7.5,7.4,7.25,7.254,7.25,7.65,7.25,7.25,7.25,7.25,7.25,7.5,8.25,7.25,7.7,7.25,8.8,7.25,7.4,7.25,7.25,7.25,7.25,7.25,7.25,8.46,9.04,7.25,7.25,7.25
229.594,2012/07/01,7.25,7.75,7.25,7.25,7.65,8,7.64,8.25,8.25,7.25,7.67,7.25,7.25,7.25,7.25,8.25,7.25,7.25,7.25,7.25,8,7.25,7.5,7.4,7.25,7.254,7.25,7.65,7.25,7.25,7.25,7.25,7.25,7.5,8.25,7.25,7.7,7.25,8.8,7.25,7.4,7.25,7.25,7.25,7.25,7.25,7.25,8.46,9.04,7.25,7.25,7.25
229.594,2012/08/01,7.25,7.75,7.25,7.25,7.65,8,7.64,8.25,8.25,7.25,7.67,7.25,7.25,7.25,7.25,8.25,7.25,7.25,7.25,7.25,8,7.25,7.5,7.4,7.25,7.254,7.25,7.65,7.25,7.25,7.25,7.25,7.25,7.5,8.25,7.25,7.7,7.25,8.8,7.25,7.4,7.25,7.25,7.25,7.25,7.25,7.25,8.46,9.04,7.25,7.25,7.25
229.594,2012/09/01,7.25,7.75,7.25,7.25,7.65,8,7.64,8.25,8.25,7.25,7.67,7.25,7.25,7.25,7.25,8.25,7.25,7.25,7.25,7.25,8,7.25,7.5,7.4,7.25,7.254,7.25,7.65,7.25,7.25,7.25,7.25,7.25,7.5,8.25,7.25,7.7,7.25,8.8,7.25,7.4,7.25,7.25,7.25,7.25,7.25,7.25,8.46,9.04,7.25,7.25,7.25
229.594,2012/10/01,7.25,7.75,7.25,7.25,7.65,8,7.64,8.25,8.25,7.25,7.67,7.25,7.25,7.25,7.25,8.25,7.25,7.25,7.25,7.25,8,7.25,7.5,7.4,7.25,7.254,7.25,7.65,7.25,7.25,7.25,7.25,7.25,7.5,8.25,7.25,7.7,7.25,8.8,7.25,7.4,7.25,7.25,7.25,7.25,7.25,7.25,8.46,9.04,7.25,7.25,7.25
229.594,2012/11/01,7.25,7.75,7.25,7.25,7.65,8,7.64,8.25,8.25,7.25,7.67,7.25,7.25,7.25,7.25,8.25,7.25,7.25,7.25,7.25,8,7.25,7.5,7.4,7.25,7.254,7.25,7.65,7.25,7.25,7.25,7.25,7.25,7.5,8.25,7.25,7.7,7.25,8.8,7.25,7.4,7.25,7.25,7.25,7.25,7.25,7.25,8.46,9.04,7.25,7.25,7.25
229.594,2012/12/01,7.25,7.75,7.25,7.25,7.65,8,7.64,8.25,8.25,7.25,7.67,7.25,7.25,7.25,7.25,8.25,7.25,7.25,7.25,7.25,8,7.25,7.5,7.4,7.25,7.254,7.25,7.65,7.25,7.25,7.25,7.25,7.25,7.5,8.25,7.25,7.7,7.25,8.8,7.25,7.4,7.25,7.25,7.25,7.25,7.25,7.25,8.46,9.04,7.25,7.25,7.25
232.957,2013/01/01,7.25,7.75,7.25,7.25,7.8,8,7.78,8.25,8.25,7.25,7.79,7.25,7.25,7.25,7.25,8.25,7.25,7.25,7.25,7.25,8,7.25,7.5,7.4,7.25,7.35,7.25,7.8,7.25,7.25,7.25,7.25,7.25,7.5,8.25,7.25,7.85,7.25,8.95,7.25,7.75,7.25,7.25,7.25,7.25,7.25,7.25,8.6,9.19,7.25,7.25,7.25
232.957,2013/02/01,7.25,7.75,7.25,7.25,7.8,8,7.78,8.25,8.25,7.25,7.79,7.25,7.25,7.25,7.25,8.25,7.25,7.25,7.25,7.25,8,7.25,7.5,7.4,7.25,7.35,7.25,7.8,7.25,7.25,7.25,7.25,7.25,7.5,8.25,7.25,7.85,7.25,8.95,7.25,7.75,7.25,7.25,7.25,7.25,7.25,7.25,8.6,9.19,7.25,7.25,7.25
232.957,2013/03/01,7.25,7.75,7.25,7.25,7.8,8,7.78,8.25,8.25,7.25,7.79,7.25,7.25,7.25,7.25,8.25,7.25,7.25,7.25,7.25,8,7.25,7.5,7.4,7.25,7.35,7.25,7.8,7.25,7.25,7.25,7.25,7.25,7.5,8.25,7.25,7.85,7.25,8.95,7.25,7.75,7.25,7.25,7.25,7.25,7.25,7.25,8.6,9.19,7.25,7.25,7.25
232.957,2013/04/01,7.25,7.75,7.25,7.25,7.8,8,7.78,8.25,8.25,7.25,7.79,7.25,7.25,7.25,7.25,8.25,7.25,7.25,7.25,7.25,8,7.25,7.5,7.4,7.25,7.35,7.25,7.8,7.25,7.25,7.25,7.25,7.25,7.5,8.25,7.25,7.85,7.25,8.95,7.25,7.75,7.25,7.25,7.25,7.25,7.25,7.25,8.6,9.19,7.25,7.25,7.25
232.957,2013/05/01,7.25,7.75,7.25,7.25,7.8,8,7.78,8.25,8.25,7.25,7.79,7.25,7.25,7.25,7.25,8.25,7.25,7.25,7.25,7.25,8,7.25,7.5,7.4,7.25,7.35,7.25,7.8,7.25,7.25,7.25,7.25,7.25,7.5,8.25,7.25,7.85,7.25,8.95,7.25,7.75,7.25,7.25,7.25,7.25,7.25,7.25,8.6,9.19,7.25,7.25,7.25
232.957,2013/06/01,7.25,7.75,7.25,7.25,7.8,8,7.78,8.25,8.25,7.25,7.79,7.25,7.25,7.25,7.25,8.25,7.25,7.25,7.25,7.25,8,7.25,7.5,7.4,7.25,7.35,7.25,7.8,7.25,7.25,7.25,7.25,7.25,7.5,8.25,7.25,7.85,7.25,8.95,7.25,7.75,7.25,7.25,7.25,7.25,7.25,7.25,8.6,9.19,7.25,7.25,7.25
232.957,2013/07/01,7.25,7.75,7.25,7.25,7.8,8,7.78,8.25,8.25,7.25,7.79,7.25,7.25,7.25,7.25,8.25,7.25,7.25,7.25,7.25,8,7.25,7.5,7.4,7.25,7.35,7.25,7.8,7.25,7.25,7.25,7.25,7.25,7.5,8.25,7.25,7.85,7.25,8.95,7.25,7.75,7.25,7.25,7.25,7.25,7.25,7.25,8.6,9.19,7.25,7.25,7.25
232.957,2013/08/01,7.25,7.75,7.25,7.25,7.8,8,7.78,8.25,8.25,7.25,7.79,7.25,7.25,7.25,7.25,8.25,7.25,7.25,7.25,7.25,8,7.25,7.5,7.4,7.25,7.35,7.25,7.8,7.25,7.25,7.25,7.25,7.25,7.5,8.25,7.25,7.85,7.25,8.95,7.25,7.75,7.25,7.25,7.25,7.25,7.25,7.25,8.6,9.19,7.25,7.25,7.25
232.957,2013/09/01,7.25,7.75,7.25,7.25,7.8,8,7.78,8.25,8.25,7.25,7.79,7.25,7.25,7.25,7.25,8.25,7.25,7.25,7.25,7.25,8,7.25,7.5,7.4,7.25,7.35,7.25,7.8,7.25,7.25,7.25,7.25,7.25,7.5,8.25,7.25,7.85,7.25,8.95,7.25,7.75,7.25,7.25,7.25,7.25,7.25,7.25,8.6,9.19,7.25,7.25,7.25
232.957,2013/10/01,7.25,7.75,7.25,7.25,7.8,8,7.78,8.25,8.25,7.25,7.79,7.25,7.25,7.25,7.25,8.25,7.25,7.25,7.25,7.25,8,7.25,7.5,7.4,7.25,7.35,7.25,7.8,7.25,7.25,7.25,7.25,7.25,7.5,8.25,7.25,7.85,7.25,8.95,7.25,7.75,7.25,7.25,7.25,7.25,7.25,7.25,8.6,9.19,7.25,7.25,7.25
232.957,2013/11/01,7.25,7.75,7.25,7.25,7.8,8,7.78,8.25,8.25,7.25,7.79,7.25,7.25,7.25,7.25,8.25,7.25,7.25,7.25,7.25,8,7.25,7.5,7.4,7.25,7.35,7.25,7.8,7.25,7.25,7.25,7.25,7.25,7.5,8.25,7.25,7.85,7.25,8.95,7.25,7.75,7.25,7.25,7.25,7.25,7.25,7.25,8.6,9.19,7.25,7.25,7.25
232.957,2013/12/01,7.25,7.75,7.25,7.25,7.8,8,7.78,8.25,8.25,7.25,7.79,7.25,7.25,7.25,7.25,8.25,7.25,7.25,7.25,7.25,8,7.25,7.5,7.4,7.25,7.35,7.25,7.8,7.25,7.25,7.25,7.25,7.25,7.5,8.25,7.25,7.85,7.25,8.95,7.25,7.75,7.25,7.25,7.25,7.25,7.25,7.25,8.6,9.19,7.25,7.25,7.25
236.736,2014/01/01,7.25,7.75,7.25,7.25,7.9,8,8,8.7,8.25,7.25,7.93,7.25,7.25,7.25,7.25,8.25,7.25,7.25,7.25,7.25,8,7.25,7.5,7.4,7.25,7.5,7.25,7.9,7.25,7.25,7.25,7.25,8.25,7.5,8.25,8,7.95,7.25,9.1,7.25,8,7.25,7.25,7.25,7.25,7.25,7.25,8.73,9.32,7.25,7.25,7.25
236.736,2014/02/01,7.25,7.75,7.25,7.25,7.9,8,8,8.7,8.25,7.25,7.93,7.25,7.25,7.25,7.25,8.25,7.25,7.25,7.25,7.25,8,7.25,7.5,7.4,7.25,7.5,7.25,7.9,7.25,7.25,7.25,7.25,8.25,7.5,8.25,8,7.95,7.25,9.1,7.25,8,7.25,7.25,7.25,7.25,7.25,7.25,8.73,9.32,7.25,7.25,7.25
236.736,2014/03/01,7.25,7.75,7.25,7.25,7.9,8,8,8.7,8.25,7.25,7.93,7.25,7.25,7.25,7.25,8.25,7.25,7.25,7.25,7.25,8,7.25,7.5,7.4,7.25,7.5,7.25,7.9,7.25,7.25,7.25,7.25,8.25,7.5,8.25,8,7.95,7.25,9.1,7.25,8,7.25,7.25,7.25,7.25,7.25,7.25,8.73,9.32,7.25,7.25,7.25
236.736,2014/04/01,7.25,7.75,7.25,7.25,7.9,8,8,8.7,8.25,7.25,7.93,7.25,7.25,7.25,7.25,8.25,7.25,7.25,7.25,7.25,8,7.25,7.5,7.4,7.25,7.5,7.25,7.9,7.25,7.25,7.25,7.25,8.25,7.5,8.25,8,7.95,7.25,9.1,7.25,8,7.25,7.25,7.25,7.25,7.25,7.25,8.73,9.32,7.25,7.25,7.25
236.736,2014/05/01,7.25,7.75,7.25,7.25,7.9,8,8,8.7,8.25,7.25,7.93,7.25,7.25,7.25,7.25,8.25,7.25,7.25,7.25,7.25,8,7.25,7.5,7.4,7.25,7.5,7.25,7.9,7.25,7.25,7.25,7.25,8.25,7.5,8.25,8,7.95,7.25,9.1,7.25,8,7.25,7.25,7.25,7.25,7.25,7.25,8.73,9.32,7.25,7.25,7.25
236.736,2014/06/01,7.25,7.75,7.25,7.25,7.9,8,8,8.7,8.25,7.75,7.93,7.25,7.25,7.25,7.25,8.25,7.25,7.25,7.25,7.25,8,7.25,7.5,7.4,7.25,7.5,7.25,7.9,7.25,7.25,7.25,7.25,8.25,7.5,8.25,8,7.95,7.25,9.1,7.25,8,7.25,7.25,7.25,7.25,7.25,7.25,8.73,9.32,7.25,7.25,7.25
236.736,2014/07/01,7.25,7.75,7.25,7.25,7.9,9,8,8.7,9.5,7.75,7.93,7.25,7.25,7.25,7.25,8.25,7.25,7.25,7.25,7.25,8,7.25,7.5,7.4,7.25,7.5,7.25,7.9,7.25,7.25,7.25,7.25,8.25,7.5,8.25,8,7.95,7.25,9.1,7.25,8,7.25,7.25,7.25,7.25,7.25,7.25,8.73,9.32,7.25,7.25,7.25
236.736,2014/08/01,7.25,7.75,7.25,7.25,7.9,9,8,8.7,9.5,7.75,7.93,7.25,7.25,7.25,7.25,8.25,7.25,7.25,7.25,7.25,8,7.25,7.5,7.4,8,7.5,7.25,7.9,7.25,7.25,7.25,7.25,8.25,7.5,8.25,8,7.95,7.25,9.1,7.25,8,7.25,7.25,7.25,7.25,7.25,7.25,8.73,9.32,7.25,7.25,7.25
236.736,2014/09/01,7.25,7.75,7.25,7.25,7.9,9,8,8.7,9.5,7.75,7.93,7.25,7.25,7.25,7.25,8.25,7.25,7.25,7.25,7.25,8,7.25,7.5,8.15,8,7.5,7.25,7.9,7.25,7.25,7.25,7.25,8.25,7.5,8.25,8,7.95,7.25,9.1,7.25,8,7.25,7.25,7.25,7.25,7.25,7.25,8.73,9.32,7.25,7.25,7.25
236.736,2014/10/01,7.25,7.75,7.25,7.25,7.9,9,8,8.7,9.5,7.75,7.93,7.25,7.25,7.25,7.25,8.25,7.25,7.25,7.25,7.25,8,7.25,7.5,8.15,8,7.5,7.25,7.9,7.25,7.25,7.25,7.25,8.25,7.5,8.25,8,7.95,7.25,9.1,7.25,8,7.25,7.25,7.25,7.25,7.25,7.25,8.73,9.32,7.25,7.25,7.25
236.736,2014/11/01,7.25,7.75,7.25,7.25,7.9,9,8,8.7,9.5,7.75,7.93,7.25,7.25,7.25,7.25,8.25,7.25,7.25,7.25,7.25,8,7.25,7.5,8.15,8,7.5,7.25,7.9,7.25,7.25,7.25,7.25,8.25,7.5,8.25,8,7.95,7.25,9.1,7.25,8,7.25,7.25,7.25,7.25,7.25,7.25,8.73,9.32,7.25,7.25,7.25
236.736,2014/12/01,7.25,7.75,7.25,7.25,7.9,9,8,8.7,9.5,7.75,7.93,7.25,7.25,7.25,7.25,8.25,7.25,7.25,7.25,7.25,8,7.25,7.5,8.15,8,7.5,7.25,7.9,7.25,7.25,7.25,7.25,8.25,7.5,8.25,8,7.95,7.25,9.1,7.25,8,7.25,7.25,7.25,7.25,7.25,7.25,8.73,9.32,7.25,7.25,7.25
237.017,2015/01/01,7.25,7.75,7.25,7.5,8.05,9,8.23,9.15,9.5,7.75,8.05,7.25,7.75,7.25,7.25,8.25,7.25,7.25,7.25,7.25,9,8,7.5,8.15,8,7.65,7.25,8.05,7.25,7.25,8,7.25,8.38,7.5,8.25,8.75,8.1,7.25,9.25,7.25,9,7.25,8.5,7.25,7.25,7.25,7.25,9.15,9.47,7.25,8,7.25
237.017,2015/02/01,7.25,8.75,7.25,7.5,8.05,9,8.23,9.15,9.5,7.75,8.05,7.25,7.75,7.25,7.25,8.25,7.25,7.25,7.25,7.25,9,8,7.5,8.15,8,7.65,7.25,8.05,7.25,7.25,8,7.25,8.38,7.5,8.25,8.75,8.1,7.25,9.25,7.25,9,7.25,8.5,7.25,7.25,7.25,7.25,9.15,9.47,7.25,8,7.25
237.017,2015/03/01,7.25,8.75,7.25,7.5,8.05,9,8.23,9.15,9.5,7.75,8.05,7.25,7.75,7.25,7.25,8.25,7.25,7.25,7.25,7.25,9,8,7.5,8.15,8,7.65,7.25,8.05,7.25,7.25,8,7.25,8.38,7.5,8.25,8.75,8.1,7.25,9.25,7.25,9,7.25,8.5,7.25,7.25,7.25,7.25,9.15,9.47,7.25,8,7.25
237.017,2015/04/01,7.25,8.75,7.25,7.5,8.05,9,8.23,9.15,9.5,7.75,8.05,7.25,7.75,7.25,7.25,8.25,7.25,7.25,7.25,7.25,9,8,7.5,8.15,8,7.65,7.25,8.05,7.25,7.25,8,7.25,8.38,7.5,8.25,8.75,8.1,7.25,9.25,7.25,9,7.25,8.5,7.25,7.25,7.25,7.25,9.15,9.47,7.25,8,7.25
237.017,2015/05/01,7.25,8.75,7.25,7.5,8.05,9,8.23,9.15,9.5,7.75,8.05,7.25,7.75,7.25,7.25,8.25,7.25,7.25,7.25,7.25,9,8,7.5,8.15,8,7.65,7.25,8.05,7.25,7.25,8,7.25,8.38,7.5,8.25,8.75,8.1,7.25,9.25,7.25,9,7.25,8.5,7.25,7.25,7.25,7.25,9.15,9.47,7.25,8,7.25
237.017,2015/06/01,7.25,8.75,7.25,7.5,8.05,9,8.23,9.15,9.5,8.25,8.05,7.25,7.75,7.25,7.25,8.25,7.25,7.25,7.25,7.25,9,8,7.5,8.15,8,7.65,7.25,8.05,7.25,7.25,8,7.25,8.38,7.5,8.25,8.75,8.1,7.25,9.25,7.25,9,7.25,8.5,7.25,7.25,7.25,7.25,9.15,9.47,7.25,8,7.25
237.017,2015/07/01,7.25,8.75,7.25,7.5,8.05,9,8.23,9.15,10.5,8.25,8.05,7.25,7.75,7.25,7.25,8.25,7.25,7.25,7.25,7.25,9,8.25,7.5,8.15,8,7.65,7.25,8.05,7.25,7.25,8,7.25,8.38,7.5,8.25,8.75,8.1,7.25,9.25,7.25,9,7.25,8.5,7.25,7.25,7.25,7.25,9.15,9.47,7.25,8,7.25
237.017,2015/08/01,7.25,8.75,7.25,7.5,8.05,9,8.23,9.15,10.5,8.25,8.05,7.25,7.75,7.25,7.25,8.25,7.25,7.25,7.25,7.25,9,8.25,7.5,8.15,9,7.65,7.25,8.05,7.25,7.25,8,7.25,8.38,7.5,8.25,8.75,8.1,7.25,9.25,7.25,9,7.25,8.5,7.25,7.25,7.25,7.25,9.15,9.47,7.25,8,7.25
237.017,2015/09/01,7.25,8.75,7.25,7.5,8.05,9,8.23,9.15,10.5,8.25,8.05,7.25,7.75,7.25,7.25,8.25,7.25,7.25,7.25,7.25,9,8.25,7.5,8.15,9,7.65,7.25,8.05,7.25,7.25,8,7.25,8.38,7.5,8.25,8.75,8.1,7.25,9.25,7.25,9,7.25,8.5,7.25,7.25,7.25,7.25,9.15,9.47,7.25,8,7.25
237.017,2015/10/01,7.25,8.75,7.25,7.5,8.05,9,8.23,9.15,10.5,8.25,8.05,7.25,7.75,7.25,7.25,8.25,7.25,7.25,7.25,7.25,9,8.25,7.5,8.15,9,7.65,7.25,8.05,7.25,7.25,8,7.25,8.38,7.5,8.25,8.75,8.1,7.25,9.25,7.25,9,7.25,8.5,7.25,7.25,7.25,7.25,9.15,9.47,7.25,8,7.25
237.017,2015/11/01,7.25,8.75,7.25,7.5,8.05,9,8.23,9.15,10.5,8.25,8.05,7.25,7.75,7.25,7.25,8.25,7.25,7.25,7.25,7.25,9,8.25,7.5,8.15,9,7.65,7.25,8.05,7.25,7.25,8,7.25,8.38,7.5,8.25,8.75,8.1,7.25,9.25,7.25,9,7.25,8.5,7.25,7.25,7.25,7.25,9.15,9.47,7.25,8,7.25
237.017,2015/12/01,7.25,8.75,7.25,7.5,8.05,9,8.23,9.15,10.5,8.25,8.05,7.25,7.75,7.25,7.25,8.25,7.25,7.25,7.25,7.25,9,8.25,7.5,8.15,9,7.65,7.25,8.05,7.25,7.25,8,7.25,8.38,7.5,8.25,8.75,8.1,7.25,9.25,7.25,9,7.25,8.5,7.25,7.25,7.25,7.25,9.15,9.47,7.25,8,7.25
240.0075,2016/01/01,7.25,9.75,7.25,8,8.05,10,8.31,9.6,10.5,8.25,8.05,7.25,8.5,7.25,7.25,8.25,7.25,7.25,7.25,7.25,10,8.25,7.5,8.5,9,7.65,7.25,8.05,7.25,7.25,9,7.25,8.38,7.5,8.25,9,8.1,7.25,9.25,7.25,9.6,7.25,8.55,7.25,7.25,7.25,7.25,9.6,9.47,7.25,8.75,7.25
240.0075,2016/02/01,7.25,9.75,7.25,8,8.05,10,8.31,9.6,10.5,8.25,8.05,7.25,8.5,7.25,7.25,8.25,7.25,7.25,7.25,7.25,10,8.25,7.5,8.5,9,7.65,7.25,8.05,7.25,7.25,9,7.25,8.38,7.5,8.25,9,8.1,7.25,9.25,7.25,9.6,7.25,8.55,7.25,7.25,7.25,7.25,9.6,9.47,7.25,8.75,7.25
240.0075,2016/03/01,7.25,9.75,7.25,8,8.05,10,8.31,9.6,10.5,8.25,8.05,7.25,8.5,7.25,7.25,8.25,7.25,7.25,7.25,7.25,10,8.25,7.5,8.5,9,7.65,7.25,8.05,7.25,7.25,9,7.25,8.38,7.5,8.25,9,8.1,7.25,9.25,7.25,9.6,7.25,8.55,7.25,7.25,7.25,7.25,9.6,9.47,7.25,8.75,7.25
240.0075,2016/04/01,7.25,9.75,7.25,8,8.05,10,8.31,9.6,10.5,8.25,8.05,7.25,8.5,7.25,7.25,8.25,7.25,7.25,7.25,7.25,10,8.25,7.5,8.5,9,7.65,7.25,8.05,7.25,7.25,9,7.25,8.38,7.5,8.25,9,8.1,7.25,9.25,7.25,9.6,7.25,8.55,7.25,7.25,7.25,7.25,9.6,9.47,7.25,8.75,7.25
240.0075,2016/05/01,7.25,9.75,7.25,8,8.05,10,8.31,9.6,10.5,8.25,8.05,7.25,8.5,7.25,7.25,8.25,7.25,7.25,7.25,7.25,10,8.25,7.5,8.5,9,7.65,7.25,8.05,7.25,7.25,9,7.25,8.38,7.5,8.25,9,8.1,7.25,9.25,7.25,9.6,7.25,8.55,7.25,7.25,7.25,7.25,9.6,9.47,7.25,8.75,7.25
240.0075,2016/06/01,7.25,9.75,7.25,8,8.05,10,8.31,9.6,10.5,8.25,8.05,7.25,8.5,7.25,7.25,8.25,7.25,7.25,7.25,7.25,10,8.25,7.5,8.5,9,7.65,7.25,8.05,7.25,7.25,9,7.25,8.38,7.5,8.25,9,8.1,7.25,9.25,7.25,9.6,7.25,8.55,7.25,7.25,7.25,7.25,9.6,9.47,7.25,8.75,7.25
240.0075,2016/07/01,7.25,9.75,7.25,8,8.05,10,8.31,9.6,11.5,8.25,8.05,7.25,8.5,7.25,7.25,8.25,7.25,7.25,7.25,7.25,10,8.75,7.5,8.5,9,7.65,7.25,8.05,7.25,7.25,9,7.25,8.38,7.5,8.25,9,8.1,7.25,9.75,7.25,9.6,7.25,8.55,7.25,7.25,7.25,7.25,9.6,9.47,7.25,8.75,7.25
240.0075,2016/08/01,7.25,9.75,7.25,8,8.05,10,8.31,9.6,11.5,8.25,8.05,7.25,8.5,7.25,7.25,8.25,7.25,7.25,7.25,7.25,10,8.75,7.5,8.5,9.5,7.65,7.25,8.05,7.25,7.25,9,7.25,8.38,7.5,8.25,9,8.1,7.25,9.75,7.25,9.6,7.25,8.55,7.25,7.25,7.25,7.25,9.6,9.47,7.25,8.75,7.25
240.0075,2016/09/01,7.25,9.75,7.25,8,8.05,10,8.31,9.6,11.5,8.25,8.05,7.25,8.5,7.25,7.25,8.25,7.25,7.25,7.25,7.25,10,8.75,7.5,8.5,9.5,7.65,7.25,8.05,7.25,7.25,9,7.25,8.38,7.5,8.25,9,8.1,7.25,9.75,7.25,9.6,7.25,8.55,7.25,7.25,7.25,7.25,9.6,9.47,7.25,8.75,7.25
240.0075,2016/10/01,7.25,9.75,7.25,8,8.05,10,8.31,9.6,11.5,8.25,8.05,7.25,8.5,7.25,7.25,8.25,7.25,7.25,7.25,7.25,10,8.75,7.5,8.5,9.5,7.65,7.25,8.05,7.25,7.25,9,7.25,8.38,7.5,8.25,9,8.1,7.25,9.75,7.25,9.6,7.25,8.55,7.25,7.25,7.25,7.25,9.6,9.47,7.25,8.75,7.25
240.0075,2016/11/01,7.25,9.75,7.25,8,8.05,10,8.31,9.6,11.5,8.25,8.05,7.25,8.5,7.25,7.25,8.25,7.25,7.25,7.25,7.25,10,8.75,7.5,8.5,9.5,7.65,7.25,8.05,7.25,7.25,9,7.25,8.38,7.5,8.25,9,8.1,7.25,9.75,7.25,9.6,7.25,8.55,7.25,7.25,7.25,7.25,9.6,9.47,7.25,8.75,7.25
240.0075,2016/12/01,7.25,9.75,7.25,8,8.05,10,8.31,9.6,11.5,8.25,8.05,7.25,8.5,7.25,7.25,8.25,7.25,7.25,7.25,7.25,10,8.75,7.5,8.5,9.5,7.65,7.25,8.05,7.25,7.25,9,7.25,8.38,7.5,8.25,9,8.1,7.25,9.75,7.25,9.6,7.25,8.55,7.25,7.25,7.25,7.25,9.6,9.47,7.25,8.75,7.25
245.134,2017/01/01,7.25,9.8,7.25,8.5,10,10.5,9.3,10.1,11.5,8.25,8.1,7.25,9.25,7.25,7.25,8.25,7.25,7.25,7.25,7.25,11,8.75,9,8.9,9.5,7.7,7.25,8.15,7.25,7.25,9,7.25,8.44,7.5,8.25,9.7,8.15,7.25,9.75,7.25,9.6,7.25,8.65,7.25,7.25,7.25,7.25,10,11,7.25,8.75,7.25
245.134,2017/02/01,7.25,9.8,7.25,8.5,10,10.5,9.3,10.1,11.5,8.25,8.1,7.25,9.25,7.25,7.25,8.25,7.25,7.25,7.25,7.25,11,8.75,9,8.9,9.5,7.7,7.25,8.15,7.25,7.25,9,7.25,8.44,7.5,8.25,9.7,8.15,7.25,9.75,7.25,9.6,7.25,8.65,7.25,7.25,7.25,7.25,10,11,7.25,8.75,7.25
245.134,2017/03/01,7.25,9.8,7.25,8.5,10,10.5,9.3,10.1,11.5,8.25,8.1,7.25,9.25,7.25,7.25,8.25,7.25,7.25,7.25,7.25,11,8.75,9,8.9,9.5,7.7,7.25,8.15,7.25,7.25,9,7.25,8.44,7.5,8.25,9.7,8.15,7.25,9.75,7.25,9.6,7.25,8.65,7.25,7.25,7.25,7.25,10,11,7.25,8.75,7.25
245.134,2017/04/01,7.25,9.8,7.25,8.5,10,10.5,9.3,10.1,11.5,8.25,8.1,7.25,9.25,7.25,7.25,8.25,7.25,7.25,7.25,7.25,11,8.75,9,8.9,9.5,7.7,7.25,8.15,7.25,7.25,9,7.25,8.44,7.5,8.25,9.7,8.15,7.25,9.75,7.25,9.6,7.25,8.65,7.25,7.25,7.25,7.25,10,11,7.25,8.75,7.25
245.134,2017/05/01,7.25,9.8,7.25,8.5,10,10.5,9.3,10.1,11.5,8.25,8.1,7.25,9.25,7.25,7.25,8.25,7.25,7.25,7.25,7.25,11,8.75,9,8.9,9.5,7.7,7.25,8.15,7.25,7.25,9,7.25,8.44,7.5,8.25,9.7,8.15,7.25,9.75,7.25,9.6,7.25,8.65,7.25,7.25,7.25,7.25,10,11,7.25,8.75,7.25
245.134,2017/06/01,7.25,9.8,7.25,8.5,10,10.5,9.3,10.1,11.5,8.25,8.1,7.25,9.25,7.25,7.25,8.25,7.25,7.25,7.25,7.25,11,8.75,9,8.9,9.5,7.7,7.25,8.15,7.25,7.25,9,7.25,8.44,7.5,8.25,9.7,8.15,7.25,9.75,7.25,9.6,7.25,8.65,7.25,7.25,7.25,7.25,10,11,7.25,8.75,7.25
245.134,2017/07/01,7.25,9.8,7.25,8.5,10,10.5,9.3,10.1,12.5,8.25,8.1,7.25,9.25,7.25,7.25,8.25,7.25,7.25,7.25,7.25,11,9.25,9,8.9,9.5,7.7,7.25,8.15,7.25,7.25,9,7.25,8.44,7.5,8.25,9.7,8.15,7.25,10.25,7.25,9.6,7.25,8.65,7.25,7.25,7.25,7.25,10,11,7.25,8.75,7.25
245.134,2017/08/01,7.25,9.8,7.25,8.5,10,10.5,9.3,10.1,12.5,8.25,8.1,7.25,9.25,7.25,7.25,8.25,7.25,7.25,7.25,7.25,11,9.25,9,8.9,9.5,7.7,7.25,8.15,7.25,7.25,9,7.25,8.44,7.5,8.25,9.7,8.15,7.25,10.25,7.25,9.6,7.25,8.65,7.25,7.25,7.25,7.25,10,11,7.25,8.75,7.25
245.134,2017/09/01,7.25,9.8,7.25,8.5,10,10.5,9.3,10.1,12.5,8.25,8.1,7.25,9.25,7.25,7.25,8.25,7.25,7.25,7.25,7.25,11,9.25,9,8.9,9.5,7.7,7.25,8.15,7.25,7.25,9,7.25,8.44,7.5,8.25,9.7,8.15,7.25,10.25,7.25,9.6,7.25,8.65,7.25,7.25,7.25,7.25,10,11,7.25,8.75,7.25
245.134,2017/10/01,7.25,9.8,7.25,8.5,10,10.5,9.3,10.1,12.5,8.25,8.1,7.25,9.25,7.25,7.25,8.25,7.25,7.25,7.25,7.25,11,9.25,9,8.9,9.5,7.7,7.25,8.15,7.25,7.25,9,7.25,8.44,8,8.25,9.7,8.15,7.25,10.25,7.25,9.6,7.25,8.65,7.25,7.25,7.25,7.25,10,11,7.25,8.75,7.25
245.134,2017/11/01,7.25,9.8,7.25,8.5,10,10.5,9.3,10.1,12.5,8.25,8.1,7.25,9.25,7.25,7.25,8.25,7.25,7.25,7.25,7.25,11,9.25,9,8.9,9.5,7.7,7.25,8.15,7.25,7.25,9,7.25,8.44,7.5,8.25,9.7,8.15,7.25,10.25,7.25,9.6,7.25,8.65,7.25,7.25,7.25,7.25,10,11,7.25,8.75,7.25
245.134,2017/12/01,7.25,9.8,7.25,8.5,10,10.5,9.3,10.1,12.5,8.25,8.1,7.25,9.25,7.25,7.25,8.25,7.25,7.25,7.25,7.25,11,9.25,9,8.9,9.5,7.7,7.25,8.15,7.25,7.25,9,7.25,8.44,7.5,8.25,9.7,8.15,7.25,10.25,7.25,9.6,7.25,8.65,7.25,7.25,7.25,7.25,10,11,7.25,8.75,7.25
251.104,2018/01/01,7.25,9.84,7.25,8.5,10.5,11,10.2,10.1,12.5,8.25,8.25,7.25,10.1,7.25,7.25,8.25,7.25,7.25,7.25,7.25,11,9.25,10,9.25,9.65,7.8500000000000005,7.25,8.3,7.25,7.25,9,7.25,8.6,7.5,8.25,10.4,8.3,7.25,10.25,7.25,10.1,7.25,8.85,7.25,7.25,7.25,7.25,10.5,11.5,7.25,8.75,7.25
251.104,2018/02/01,7.25,9.84,7.25,8.5,10.5,11,10.2,10.1,12.5,8.25,8.25,7.25,10.1,7.25,7.25,8.25,7.25,7.25,7.25,7.25,11,9.25,10,9.25,9.65,7.8500000000000005,7.25,8.3,7.25,7.25,9,7.25,8.6,7.5,8.25,10.4,8.3,7.25,10.25,7.25,10.1,7.25,8.85,7.25,7.25,7.25,7.25,10.5,11.5,7.25,8.75,7.25
251.104,2018/03/01,7.25,9.84,7.25,8.5,10.5,11,10.2,10.1,12.5,8.25,8.25,7.25,10.1,7.25,7.25,8.25,7.25,7.25,7.25,7.25,11,9.25,10,9.25,9.65,7.8500000000000005,7.25,8.3,7.25,7.25,9,7.25,8.6,7.5,8.25,10.4,8.3,7.25,10.25,7.25,10.1,7.25,8.85,7.25,7.25,7.25,7.25,10.5,11.5,7.25,8.75,7.25
251.104,2018/04/01,7.25,9.84,7.25,8.5,10.5,11,10.2,10.1,12.5,8.25,8.25,7.25,10.1,7.25,7.25,8.25,7.25,7.25,7.25,7.25,11,9.25,10,9.25,9.65,7.8500000000000005,7.25,8.3,7.25,7.25,9,7.25,8.6,7.5,8.25,10.4,8.3,7.25,10.25,7.25,10.1,7.25,8.85,7.25,7.25,7.25,7.25,10.5,11.5,7.25,8.75,7.25
251.104,2018/05/01,7.25,9.84,7.25,8.5,10.5,11,10.2,10.1,12.5,8.25,8.25,7.25,10.1,7.25,7.25,8.25,7.25,7.25,7.25,7.25,11,9.25,10,9.25,9.65,7.8500000000000005,7.25,8.3,7.25,7.25,9,7.25,8.6,7.5,8.25,10.4,8.3,7.25,10.25,7.25,10.1,7.25,8.85,7.25,7.25,7.25,7.25,10.5,11.5,7.25,8.75,7.25
251.104,2018/06/01,7.25,9.84,7.25,8.5,10.5,11,10.2,10.1,12.5,8.25,8.25,7.25,10.1,7.25,7.25,8.25,7.25,7.25,7.25,7.25,11,9.25,10,9.25,9.65,7.8500000000000005,7.25,8.3,7.25,7.25,9,7.25,8.6,7.5,8.25,10.4,8.3,7.25,10.25,7.25,10.1,7.25,8.85,7.25,7.25,7.25,7.25,10.5,11.5,7.25,8.75,7.25
251.104,2018/07/01,7.25,9.84,7.25,8.5,10.5,11,10.2,10.1,13.25,8.25,8.25,7.25,10.1,7.25,7.25,8.25,7.25,7.25,7.25,7.25,11,10.1,10,9.25,9.65,7.8500000000000005,7.25,8.3,7.25,7.25,9,7.25,8.6,7.5,8.25,10.4,8.3,7.25,10.75,7.25,10.1,7.25,8.85,7.25,7.25,7.25,7.25,10.5,11.5,7.25,8.75,7.25
251.104,2018/08/01,7.25,9.84,7.25,8.5,10.5,11,10.2,10.1,13.25,8.25,8.25,7.25,10.1,7.25,7.25,8.25,7.25,7.25,7.25,7.25,11,10.1,10,9.25,9.65,7.8500000000000005,7.25,8.3,7.25,7.25,9,7.25,8.6,7.5,8.25,10.4,8.3,7.25,10.75,7.25,10.1,7.25,8.85,7.25,7.25,7.25,7.25,10.5,11.5,7.25,8.75,7.25
251.104,2018/09/01,7.25,9.84,7.25,8.5,10.5,11,10.2,10.1,13.25,8.25,8.25,7.25,10.1,7.25,7.25,8.25,7.25,7.25,7.25,7.25,11,10.1,10,9.25,9.65,7.8500000000000005,7.25,8.3,7.25,7.25,9,7.25,8.6,7.5,8.25,10.4,8.3,7.25,10.75,7.25,10.1,7.25,8.85,7.25,7.25,7.25,7.25,10.5,11.5,7.25,8.75,7.25
251.104,2018/10/01,7.25,9.84,7.25,8.5,10.5,11,10.2,10.1,13.25,8.75,8.25,7.25,10.1,7.25,7.25,8.25,7.25,7.25,7.25,7.25,11,10.1,10,9.25,9.65,7.8500000000000005,7.25,8.3,7.25,7.25,9,7.25,8.6,7.5,8.25,10.4,8.3,7.25,10.75,7.25,10.1,7.25,8.85,7.25,7.25,7.25,7.25,10.5,11.5,7.25,8.75,7.25
251.104,2018/11/01,7.25,9.84,7.25,8.5,10.5,11,10.2,10.1,13.25,8.75,8.25,7.25,10.1,7.25,7.25,8.25,7.25,7.25,7.25,7.25,11,10.1,10,9.25,9.65,7.8500000000000005,7.25,8.3,7.25,7.25,9,7.25,8.6,7.5,8.25,10.4,8.3,7.25,10.75,7.25,10.1,7.25,8.85,7.25,7.25,7.25,7.25,10.5,11.5,7.25,8.75,7.25
251.104,2018/12/01,7.25,9.84,7.25,8.5,10.5,11,10.2,10.1,13.25,8.75,8.25,7.25,10.1,7.25,7.25,8.25,7.25,7.25,7.25,7.25,11,10.1,10,9.25,9.65,7.8500000000000005,7.25,8.3,7.25,7.25,9,7.25,8.6,7.5,8.25,10.4,8.3,7.25,10.75,7.25,10.1,7.25,8.85,7.25,7.25,7.25,7.25,10.5,11.5,7.25,8.75,7.25
255.69,2019/01/01,7.25,9.89,7.25,9.25,11,12,11.1,10.1,13.25,8.75,8.46,7.25,10.1,7.25,7.25,8.25,7.25,7.25,7.25,7.25,12,10.1,11,9.45,9.86,8.6,7.25,8.5,7.25,7.25,9,7.25,8.85,7.5,8.25,11.1,8.55,7.25,10.75,7.25,10.5,7.25,9.1,7.25,7.25,7.25,7.25,10.77,12,7.25,8.75,7.25
255.69,2019/02/01,7.25,9.89,7.25,9.25,11,12,11.1,10.1,13.25,8.75,8.46,7.25,10.1,7.25,7.25,8.25,7.25,7.25,7.25,7.25,12,10.1,11,9.45,9.86,8.6,7.25,8.5,7.25,7.25,9,7.25,8.85,7.5,8.25,11.1,8.55,7.25,10.75,7.25,10.5,7.25,9.1,7.25,7.25,7.25,7.25,10.77,12,7.25,8.75,7.25
255.69,2019/03/01,7.25,9.89,7.25,9.25,11,12,11.1,10.1,13.25,8.75,8.46,7.25,10.1,7.25,7.25,8.25,7.25,7.25,7.25,7.25,12,10.1,11,9.45,9.86,8.6,7.25,8.5,7.25,7.25,9,7.25,8.85,7.5,8.25,11.1,8.55,7.25,10.75,7.25,10.5,7.25,9.1,7.25,7.25,7.25,7.25,10.77,12,7.25,8.75,7.25
255.69,2019/04/01,7.25,9.89,7.25,9.25,11,12,11.1,10.1,13.25,8.75,8.46,7.25,10.1,7.25,7.25,8.25,7.25,7.25,7.25,7.25,12,10.1,11,9.45,9.86,8.6,7.25,8.5,7.25,7.25,9,7.25,8.85,7.5,8.25,11.1,8.55,7.25,10.75,7.25,10.5,7.25,9.1,7.25,7.25,7.25,7.25,10.77,12,7.25,8.75,7.25
255.69,2019/05/01,7.25,9.89,7.25,9.25,11,12,11.1,10.1,13.25,8.75,8.46,7.25,10.1,7.25,7.25,8.25,7.25,7.25,7.25,7.25,12,10.1,11,9.45,9.86,8.6,7.25,8.5,7.25,7.25,9,7.25,8.85,7.5,8.25,11.1,8.55,7.25,10.75,7.25,10.5,7.25,9.1,7.25,7.25,7.25,7.25,10.77,12,7.25,8.75,7.25
255.69,2019/06/01,7.25,9.89,7.25,9.25,11,12,11.1,10.1,13.25,8.75,8.46,7.25,10.1,7.25,7.25,8.25,7.25,7.25,7.25,7.25,12,10.1,11,9.45,9.86,8.6,7.25,8.5,7.25,7.25,9,7.25,8.85,7.5,8.25,11.1,8.55,7.25,10.75,7.25,10.5,7.25,9.1,7.25,7.25,7.25,7.25,10.77,12,7.25,8.75,7.25
255.69,2019/07/01,7.25,9.89,7.25,9.25,11,12,11.1,10.1,14,8.75,8.46,7.25,10.1,7.25,7.25,8.25,7.25,7.25,7.25,7.25,12,10.1,11,9.45,9.86,8.6,7.25,8.5,7.25,7.25,9,7.25,10,7.5,8.25,11.1,8.55,7.25,11.25,7.25,10.5,7.25,9.1,7.25,7.25,7.25,7.25,10.77,12,7.25,8.75,7.25
255.69,2019/08/01,7.25,9.89,7.25,9.25,11,12,11.1,10.1,14,8.75,8.46,7.25,10.1,7.25,7.25,8.25,7.25,7.25,7.25,7.25,12,10.1,11,9.45,9.86,8.6,7.25,8.5,7.25,7.25,9,7.25,10,7.5,8.25,11.1,8.55,7.25,11.25,7.25,10.5,7.25,9.1,7.25,7.25,7.25,7.25,10.77,12,7.25,8.75,7.25
255.69,2019/09/01,7.25,9.89,7.25,9.25,11,12,11.1,10.1,14,8.75,8.46,7.25,10.1,7.25,7.25,8.25,7.25,7.25,7.25,7.25,12,10.1,11,9.45,9.86,8.6,7.25,8.5,7.25,7.25,9,7.25,10,7.5,8.25,11.1,8.55,7.25,11.25,7.25,10.5,7.25,9.1,7.25,7.25,7.25,7.25,10.77,12,7.25,8.75,7.25
255.69,2019/10/01,7.25,9.89,7.25,9.25,11,12,11.1,11,14,8.75,8.46,7.25,10.1,7.25,7.25,8.25,7.25,7.25,7.25,7.25,12,10.1,11,9.45,9.86,8.6,7.25,8.5,7.25,7.25,9,7.25,10,7.5,8.25,11.1,8.55,7.25,11.25,7.25,10.5,7.25,9.1,7.25,7.25,7.25,7.25,10.77,12,7.25,8.75,7.25
255.69,2019/11/01,7.25,9.89,7.25,9.25,11,12,11.1,11,14,8.75,8.46,7.25,10.1,7.25,7.25,8.25,7.25,7.25,7.25,7.25,12,10.1,11,9.45,9.86,8.6,7.25,8.5,7.25,7.25,9,7.25,10,7.5,8.25,11.1,8.55,7.25,11.25,7.25,10.5,7.25,9.1,7.25,7.25,7.25,7.25,10.77,12,7.25,8.75,7.25
255.69,2019/12/01,7.25,9.89,7.25,9.25,11,12,11.1,11,14,8.75,8.46,7.25,10.1,7.25,7.25,8.25,7.25,7.25,7.25,7.25,12,10.1,11,9.45,9.86,8.6,7.25,8.5,7.25,7.25,9,7.25,10,7.5,8.25,11.1,8.55,7.25,11.25,7.25,10.5,7.25,9.1,7.25,7.25,7.25,7.25,10.77,12,7.25,8.75,7.25
261.855,2020/01/01,7.25,10.07062452211036,7.25,10,12,13,12,11,14,9.25,8.614507932968014,7.25,10.1,7.25,7.25,9.25,7.25,7.25,7.25,7.25,12.75,11,12,9.65,10.040076621638843,9.45,7.25,8.65,7.25,7.25,9,7.25,11,9,8.25,11.8,8.700000000000001,7.25,11.25,7.25,10.5,7.25,9.25,7.25,7.25,7.25,7.25,10.966696269274882,13.5,7.25,8.75,7.25
258.811,2020/02/01,7.25,10.07062452211036,7.25,10,12,13,12,11,14,9.25,8.614507932968014,7.25,10.1,7.25,7.25,9.25,7.25,7.25,7.25,7.25,12.75,11,12,9.65,10.040076621638843,9.45,7.25,8.65,7.25,7.25,9,7.25,11,9,8.25,11.8,8.700000000000001,7.25,11.25,7.25,10.5,7.25,9.25,7.25,7.25,7.25,7.25,10.966696269274882,13.5,7.25,8.75,7.25
258.811,2020/03/01,7.25,10.07062452211036,7.25,10,12,13,12,11,14,9.25,8.614507932968014,7.25,10.1,7.25,7.25,9.25,7.25,7.25,7.25,7.25,12.75,11,12,9.65,10.040076621638843,9.45,7.25,8.65,7.25,7.25,9,7.25,11,9,8.25,11.8,8.700000000000001,7.25,11.25,7.25,10.5,7.25,9.25,7.25,7.25,7.25,7.25,10.966696269274882,13.5,7.25,8.75,7.25
258.811,2020/04/01,7.25,10.07062452211036,7.25,10,12,13,12,11,14,9.25,8.614507932968014,7.25,10.1,7.25,7.25,9.25,7.25,7.25,7.25,7.25,12.75,11,12,9.65,10.040076621638843,9.45,7.25,8.65,7.25,7.25,9,7.25,11,9,8.25,11.8,8.700000000000001,7.25,11.25,7.25,10.5,7.25,9.25,7.25,7.25,7.25,7.25,10.966696269274882,13.5,7.25,8.75,7.25
258.811,2020/05/01,7.25,10.07062452211036,7.25,10,12,13,12,11,14,9.25,8.614507932968014,7.25,10.1,7.25,7.25,9.25,7.25,7.25,7.25,7.25,12.75,11,12,9.65,10.040076621638843,9.45,7.25,8.65,7.25,7.25,9,7.25,11,9,8.25,11.8,8.700000000000001,7.25,11.25,7.25,10.5,7.25,9.25,7.25,7.25,7.25,7.25,10.966696269274882,13.5,7.25,8.75,7.25
258.811,2020/06/01,7.25,10.07062452211036,7.25,10,12,13,12,11,14,9.25,8.614507932968014,7.25,10.1,7.25,7.25,9.25,7.25,7.25,7.25,7.25,12.75,11,12,9.65,10.040076621638843,9.45,7.25,8.65,7.25,7.25,9,7.25,11,9,8.25,11.8,8.700000000000001,7.25,11.25,7.25,10.5,7.25,9.25,7.25,7.25,7.25,7.25,10.966696269274882,13.5,7.25,8.75,7.25
258.811,2020/07/01,7.25,10.07062452211036,7.25,10,12,13,12,11,15,9.25,8.614507932968014,7.25,10.1,7.25,7.25,10,7.25,7.25,7.25,7.25,12.75,11,12,9.65,10.040076621638843,9.45,7.25,8.65,7.25,7.25,9,7.25,11,9,9,11.8,8.700000000000001,7.25,12,7.25,10.5,7.25,9.25,7.25,7.25,7.25,7.25,10.966696269274882,13.5,7.25,8.75,7.25
258.811,2020/08/01,7.25,10.07062452211036,7.25,10,12,13,12,11,15,9.25,8.614507932968014,7.25,10.1,7.25,7.25,10,7.25,7.25,7.25,7.25,12.75,11,12,9.65,10.040076621638843,9.45,7.25,8.65,7.25,7.25,9,7.25,11,9,9,11.8,8.700000000000001,7.25,12,7.25,10.5,7.25,9.25,7.25,7.25,7.25,7.25,10.966696269274882,13.5,7.25,8.75,7.25
258.811,2020/09/01,7.25,10.07062452211036,7.25,10,12,13,12,12,15,9.25,8.614507932968014,7.25,10.1,7.25,7.25,10,7.25,7.25,7.25,7.25,12.75,11,12,9.65,10.040076621638843,9.45,7.25,8.65,7.25,7.25,9,7.25,11,9,9,11.8,8.700000000000001,7.25,12,7.25,10.5,7.25,9.25,7.25,7.25,7.25,7.25,10.966696269274882,13.5,7.25,8.75,7.25
258.811,2020/10/01,7.25,10.07062452211036,7.25,10,12,13,12,12,15,9.25,8.614507932968014,7.25,10.1,7.25,7.25,10,7.25,7.25,7.25,7.25,12.75,11,12,9.65,10.040076621638843,9.45,7.25,8.65,7.25,7.25,9,7.25,11,9,9,11.8,8.700000000000001,7.25,12,7.25,10.5,7.25,9.25,7.25,7.25,7.25,7.25,10.966696269274882,13.5,7.25,8.75,7.25
258.811,2020/11/01,7.25,10.07062452211036,7.25,10,12,13,12,12,15,9.25,8.614507932968014,7.25,10.1,7.25,7.25,10,7.25,7.25,7.25,7.25,12.75,11,12,9.65,10.040076621638843,9.45,7.25,8.65,7.25,7.25,9,7.25,11,9,9,11.8,8.700000000000001,7.25,12,7.25,10.5,7.25,9.25,7.25,7.25,7.25,7.25,10.966696269274882,13.5,7.25,8.75,7.25
258.811,2020/12/01,7.25,10.07062452211036,7.25,10,12,13,12,12,15,9.25,8.614507932968014,7.25,10.1,7.25,7.25,10,7.25,7.25,7.25,7.25,12.75,11,12,9.65,10.040076621638843,9.45,7.25,8.65,7.25,7.25,9,7.25,11,9,9,11.8,8.700000000000001,7.25,12,7.25,10.5,7.25,9.25,7.25,7.25,7.25,7.25,10.966696269274882,13.5,7.25,8.75,7.25
270.97,2021/01/01,7.25,10.34,7.25,11,12.150000000000002,14,12.32,12,15,9.75,8.71965822925959,7.25,10.1,7.25,7.25,11,7.25,7.25,7.25,7.25,13.5,11.75,12.150000000000002,9.87,10.08,10.3,7.25,8.75,7.25,7.25,9,7.25,12,10.5,9,12.5,8.8,7.25,12,7.25,11.5,7.25,9.45,7.25,7.25,7.25,7.25,11.75,13.69,7.25,8.75,7.25
270.97,2021/02/01,7.25,10.34,7.25,11,12.150000000000002,14,12.32,12,15,9.75,8.71965822925959,7.25,10.1,7.25,7.25,11,7.25,7.25,7.25,7.25,13.5,11.75,12.150000000000002,9.87,10.08,10.3,7.25,8.75,7.25,7.25,9,7.25,12,10.5,9,12.5,8.8,7.25,12,7.25,11.5,7.25,9.45,7.25,7.25,7.25,7.25,11.75,13.69,7.25,8.75,7.25
270.97,2021/03/01,7.25,10.34,7.25,11,12.150000000000002,14,12.32,12,15,9.75,8.71965822925959,7.25,10.1,7.25,7.25,11,7.25,7.25,7.25,7.25,13.5,11.75,12.150000000000002,9.87,10.08,10.3,7.25,8.75,7.25,7.25,9,7.25,12,10.5,9,12.5,8.8,7.25,12,7.25,11.5,7.25,9.45,7.25,7.25,7.25,7.25,11.75,13.69,7.25,8.75,7.25
270.97,2021/04/01,7.25,10.34,7.25,11,12.150000000000002,14,12.32,12,15,9.75,8.71965822925959,7.25,10.1,7.25,7.25,11,7.25,7.25,7.25,7.25,13.5,11.75,12.150000000000002,9.87,10.08,10.3,7.25,8.75,7.25,7.25,9,7.25,12,10.5,9,12.5,8.8,7.25,12,7.25,11.5,7.25,9.45,7.25,7.25,7.25,7.25,11.75,13.69,7.25,8.75,7.25
270.97,2021/05/01,7.25,10.34,7.25,11,12.150000000000002,14,12.32,12,15,9.75,8.71965822925959,7.25,10.1,7.25,7.25,11,7.25,7.25,7.25,7.25,13.5,11.75,12.150000000000002,9.87,10.08,10.3,7.25,8.75,7.25,7.25,9,7.25,12,10.5,9,12.5,8.8,7.25,12,7.25,11.5,7.25,9.45,7.25,7.25,7.25,9.5,11.75,13.69,7.25,8.75,7.25
270.97,2021/06/01,7.25,10.34,7.25,11,12.150000000000002,14,12.32,12,15,9.75,8.71965822925959,7.25,10.1,7.25,7.25,11,7.25,7.25,7.25,7.25,13.5,11.75,12.150000000000002,9.87,10.08,10.3,7.25,8.75,7.25,7.25,9,7.25,12,10.5,9,12.5,8.8,7.25,12,7.25,11.5,7.25,9.45,7.25,7.25,7.25,9.5,11.75,13.69,7.25,8.75,7.25
270.97,2021/07/01,7.25,10.34,7.25,11,12.150000000000002,14,12.32,12,15.2,9.75,8.71965822925959,7.25,10.1,7.25,7.25,11,7.25,7.25,7.25,7.25,13.5,11.75,12.150000000000002,9.87,10.08,10.3,7.25,8.75,7.25,7.25,9,7.25,12,10.5,9.75,12.5,8.8,7.25,12.75,7.25,11.5,7.25,9.45,7.25,7.25,7.25,9.5,11.75,13.69,7.25,8.75,7.25
270.97,2021/08/01,7.25,10.34,7.25,11,12.150000000000002,14,12.32,13,15.2,9.75,8.71965822925959,7.25,10.1,7.25,7.25,11,7.25,7.25,7.25,7.25,13.5,11.75,12.150000000000002,9.87,10.08,10.3,7.25,8.75,7.25,7.25,9,7.25,12,10.5,9.75,12.5,8.8,7.25,12.75,7.25,11.5,7.25,9.45,7.25,7.25,7.25,9.5,11.75,13.69,7.25,8.75,7.25
270.97,2021/09/01,7.25,10.34,7.25,11,12.150000000000002,14,12.32,13,15.2,9.75,8.71965822925959,7.25,10.1,7.25,7.25,11,7.25,7.25,7.25,7.25,13.5,11.75,12.150000000000002,9.87,10.08,10.3,7.25,8.75,7.25,7.25,9,7.25,12,10.5,9.75,12.5,8.8,7.25,12.75,7.25,11.5,7.25,9.45,7.25,7.25,7.25,9.5,11.75,13.69,7.25,8.75,7.25
270.97,2021/10/01,7.25,10.34,7.25,11,12.150000000000002,14,12.32,13,15.2,9.75,10,7.25,10.1,7.25,7.25,11,7.25,7.25,7.25,7.25,13.5,11.75,12.150000000000002,9.87,10.08,10.3,7.25,8.75,7.25,7.25,9,7.25,12,10.5,9.75,12.5,8.8,7.25,12.75,7.25,11.5,7.25,9.45,7.25,7.25,7.25,9.5,11.75,13.69,7.25,8.75,7.25
270.97,2021/11/01,7.25,10.34,7.25,11,12.150000000000002,14,12.32,13,15.2,9.75,10,7.25,10.1,7.25,7.25,11,7.25,7.25,7.25,7.25,13.5,11.75,12.150000000000002,9.87,10.08,10.3,7.25,8.75,7.25,7.25,9,7.25,12,10.5,9.75,12.5,8.8,7.25,12.75,7.25,11.5,7.25,9.45,7.25,7.25,7.25,9.5,11.75,13.69,7.25,8.75,7.25
270.97,2021/12/01,7.25,10.34,7.25,11,12.150000000000002,14,12.32,13,15.2,9.75,10,7.25,10.1,7.25,7.25,11,7.25,7.25,7.25,7.25,13.5,11.75,12.150000000000002,9.87,10.08,10.3,7.25,8.75,7.25,7.25,9,7.25,12,10.5,9.75,12.5,8.8,7.25,12.75,7.25,11.5,7.25,9.45,7.25,7.25,7.25,9.5,11.75,13.69,7.25,8.75,7.25
292.6549166666667,2022/01/01,7.25,10.34,7.25,11,12.8,15,12.56,13,15.2,10.5,10,7.25,10.1,7.25,7.25,12,7.25,7.25,7.25,7.25,14.25,12.5,12.75,9.87,10.33,11.15,7.25,9.2,7.25,7.25,9,7.25,13,11.5,9.75,13.2,9.3,7.25,12.75,7.25,12.25,7.25,9.95,7.25,7.25,7.25,11,12.55,14.49,7.25,8.75,7.25
292.6549166666667,2022/02/01,7.25,10.34,7.25,11,12.8,15,12.56,13,15.2,10.5,10,7.25,10.1,7.25,7.25,12,7.25,7.25,7.25,7.25,14.25,12.5,12.75,9.87,10.33,11.15,7.25,9.2,7.25,7.25,9,7.25,13,11.5,9.75,13.2,9.3,7.25,12.75,7.25,12.25,7.25,9.95,7.25,7.25,7.25,11,12.55,14.49,7.25,8.75,7.25
292.6549166666667,2022/03/01,7.25,10.34,7.25,11,12.8,15,12.56,13,15.2,10.5,10,7.25,10.1,7.25,7.25,12,7.25,7.25,7.25,7.25,14.25,12.5,12.75,9.87,10.33,11.15,7.25,9.2,7.25,7.25,9,7.25,13,11.5,9.75,13.2,9.3,7.25,12.75,7.25,12.25,7.25,9.95,7.25,7.25,7.25,11,12.55,14.49,7.25,8.75,7.25
292.6549166666667,2022/04/01,7.25,10.34,7.25,11,12.8,15,12.56,13,15.2,10.5,10,7.25,10.1,7.25,7.25,12,7.25,7.25,7.25,7.25,14.25,12.5,12.75,9.87,10.33,11.15,7.25,9.2,7.25,7.25,9,7.25,13,11.5,9.75,13.2,9.3,7.25,12.75,7.25,12.25,7.25,9.95,7.25,7.25,7.25,11,12.55,14.49,7.25,8.75,7.25
292.6549166666667,2022/05/01,7.25,10.34,7.25,11,12.8,15,12.56,13,15.2,10.5,10,7.25,10.1,7.25,7.25,12,7.25,7.25,7.25,7.25,14.25,12.5,12.75,9.87,10.33,11.15,7.25,9.2,7.25,7.25,9,7.25,13,11.5,9.75,13.2,9.3,7.25,12.75,7.25,12.25,7.25,9.95,7.25,7.25,7.25,11,12.55,14.49,7.25,8.75,7.25
292.6549166666667,2022/06/01,7.25,10.34,7.25,11,12.8,15,12.56,13,15.2,10.5,10,7.25,10.1,7.25,7.25,12,7.25,7.25,7.25,7.25,14.25,12.5,12.75,9.87,10.33,11.15,7.25,9.2,7.25,7.25,9,7.25,13,11.5,9.75,13.2,9.3,7.25,12.75,7.25,12.25,7.25,9.95,7.25,7.25,7.25,11,12.55,14.49,7.25,8.75,7.25
292.6549166666667,2022/07/01,7.25,10.34,7.25,11,12.8,15,12.56,14,16.1,10.5,10,7.25,10.1,7.25,7.25,12,7.25,7.25,7.25,7.25,14.25,12.5,12.75,9.87,10.33,11.15,7.25,9.2,7.25,7.25,9,7.25,13,11.5,10.5,13.2,9.3,7.25,13.5,7.25,12.25,7.25,9.95,7.25,7.25,7.25,11,12.55,14.49,7.25,8.75,7.25
292.6549166666667,2022/08/01,7.25,10.34,7.25,11,12.8,15,12.56,14,16.1,10.5,10,7.25,10.1,7.25,7.25,12,7.25,7.25,7.25,7.25,14.25,12.5,12.75,9.87,10.33,11.15,7.25,9.2,7.25,7.25,9,7.25,13,11.5,10.5,13.2,9.3,7.25,13.5,7.25,12.25,7.25,9.95,7.25,7.25,7.25,11,12.55,14.49,7.25,8.75,7.25
292.6549166666667,2022/09/01,7.25,10.34,7.25,11,12.8,15,12.56,14,16.1,10.5,10,7.25,10.1,7.25,7.25,12,7.25,7.25,7.25,7.25,14.25,12.5,12.75,9.87,10.33,11.15,7.25,9.2,7.25,7.25,9,7.25,13,11.5,10.5,13.2,9.3,7.25,13.5,7.25,12.25,7.25,9.95,7.25,7.25,7.25,11,12.55,14.49,7.25,8.75,7.25
292.6549166666667,2022/10/01,7.25,10.34,7.25,11,12.8,15,12.56,14,16.1,10.5,11,7.25,12,7.25,7.25,12,7.25,7.25,7.25,7.25,14.25,12.5,12.75,9.87,10.33,11.15,7.25,9.2,7.25,7.25,9,7.25,13,11.5,10.5,13.2,9.3,7.25,13.5,7.25,12.25,7.25,9.95,7.25,7.25,7.25,11,12.55,14.49,7.25,8.75,7.25
292.6549166666667,2022/11/01,7.25,10.34,7.25,11,12.8,15,12.56,14,16.1,10.5,11,7.25,12,7.25,7.25,12,7.25,7.25,7.25,7.25,14.25,12.5,12.75,9.87,10.33,11.15,7.25,9.2,7.25,7.25,9,7.25,13,11.5,10.5,13.2,9.3,7.25,13.5,7.25,12.25,7.25,9.95,7.25,7.25,7.25,11,12.55,14.49,7.25,8.75,7.25
292.6549166666667,2022/12/01,7.25,10.34,7.25,11,12.8,15,12.56,14,16.1,10.5,11,7.25,12,7.25,7.25,12,7.25,7.25,7.25,7.25,14.25,12.5,12.75,9.87,10.33,11.15,7.25,9.2,7.25,7.25,9,7.25,13,11.5,10.5,13.2,9.3,7.25,13.5,7.25,12.25,7.25,9.95,7.25,7.25,7.25,11,12.55,14.49,7.25,8.75,7.25
306.931,2023/01/01,7.25,10.85,7.25,11,13.85,15.5,13.65,14,16.1,11.75,11,7.25,12,7.25,7.25,13,7.25,7.25,7.25,7.25,15,13.25,13.8,10.1,10.59,12,7.25,9.950000000000001,7.25,7.25,10.5,7.25,14.13,12,10.5,14.2,10.1,7.25,13.5,7.25,13,7.25,10.8,7.25,7.25,7.25,12,13.18,15.74,7.25,8.75,7.25
306.931,2023/02/01,7.25,10.85,7.25,11,13.85,15.5,13.65,14,16.1,11.75,11,7.25,12,7.25,7.25,13,7.25,7.25,7.25,7.25,15,13.25,13.8,10.1,10.59,12,7.25,9.950000000000001,7.25,7.25,10.5,7.25,14.13,12,10.5,14.2,10.1,7.25,13.5,7.25,13,7.25,10.8,7.25,7.25,7.25,12,13.18,15.74,7.25,8.75,7.25
306.931,2023/03/01,7.25,10.85,7.25,11,13.85,15.5,13.65,14,16.1,11.75,11,7.25,12,7.25,7.25,13,7.25,7.25,7.25,7.25,15,13.25,13.8,10.1,10.59,12,7.25,9.950000000000001,7.25,7.25,10.5,7.25,14.13,12,10.5,14.2,10.1,7.25,13.5,7.25,13,7.25,10.8,7.25,7.25,7.25,12,13.18,15.74,7.25,8.75,7.25
306.931,2023/04/01,7.25,10.85,7.25,11,13.85,15.5,13.65,14,16.1,11.75,11,7.25,12,7.25,7.25,13,7.25,7.25,7.25,7.25,15,13.25,13.8,10.1,10.59,12,7.25,9.950000000000001,7.25,7.25,10.5,7.25,14.13,12,10.5,14.2,10.1,7.25,13.5,7.25,13,7.25,10.8,7.25,7.25,7.25,12,13.18,15.74,7.25,8.75,7.25
306.931,2023/05/01,7.25,10.85,7.25,11,13.85,15.5,13.65,14,16.1,11.75,11,7.25,12,7.25,7.25,13,7.25,7.25,7.25,7.25,15,13.25,13.8,10.1,10.59,12,7.25,9.950000000000001,7.25,7.25,10.5,7.25,14.13,12,10.5,14.2,10.1,7.25,13.5,7.25,13,7.25,10.8,7.25,7.25,7.25,12,13.18,15.74,7.25,8.75,7.25
306.931,2023/06/01,7.25,10.85,7.25,11,13.85,15.5,13.65,15,16.1,11.75,11,7.25,12,7.25,7.25,13,7.25,7.25,7.25,7.25,15,13.25,13.8,10.1,10.59,12,7.25,9.950000000000001,7.25,7.25,10.5,7.25,14.13,12,10.5,14.2,10.1,7.25,13.5,7.25,13,7.25,10.8,7.25,7.25,7.25,12,13.18,15.74,7.25,8.75,7.25
306.931,2023/07/01,7.25,10.85,7.25,11,13.85,15.5,13.65,15,16.900000000000002,11.75,11,7.25,12,7.25,7.25,13,7.25,7.25,7.25,7.25,15,13.25,13.8,10.1,10.59,12,7.25,9.950000000000001,7.25,7.25,10.5,7.25,14.13,12,11.25,14.2,10.1,7.25,14.600000000000001,7.25,13,7.25,10.8,7.25,7.25,7.25,12,13.18,15.74,7.25,8.75,7.25
306.931,2023/08/01,7.25,10.85,7.25,11,13.85,15.5,13.65,15,16.900000000000002,11.75,11,7.25,12,7.25,7.25,13,7.25,7.25,7.25,7.25,15,13.25,13.8,10.1,10.59,12,7.25,9.950000000000001,7.25,7.25,10.5,7.25,14.13,12,11.25,14.2,10.1,7.25,14.600000000000001,7.25,13,7.25,10.8,7.25,7.25,7.25,12,13.18,15.74,7.25,8.75,7.25
306.931,2023/09/01,7.25,10.85,7.25,11,13.85,15.5,13.65,15,16.900000000000002,11.75,11,7.25,12,7.25,7.25,13,7.25,7.25,7.25,7.25,15,13.25,13.8,10.1,10.59,12,7.25,9.950000000000001,7.25,7.25,10.5,7.25,14.13,12,11.25,14.2,10.1,7.25,14.600000000000001,7.25,13,7.25,10.8,7.25,7.25,7.25,12,13.18,15.74,7.25,8.75,7.25
306.931,2023/10/01,7.25,10.85,7.25,11,13.85,15.5,13.65,15,16.900000000000002,11.75,12,7.25,12,7.25,7.25,13,7.25,7.25,7.25,7.25,15,13.25,13.8,10.1,10.59,12,7.25,9.950000000000001,7.25,7.25,10.5,7.25,14.13,12,11.25,14.2,10.1,7.25,14.600000000000001,7.25,13,7.25,10.8,7.25,7.25,7.25,12,13.18,15.74,7.25,8.75,7.25
306.931,2023/11/01,7.25,10.85,7.25,11,13.85,15.5,13.65,15,16.900000000000002,11.75,12,7.25,12,7.25,7.25,13,7.25,7.25,7.25,7.25,15,13.25,13.8,10.1,10.59,12,7.25,9.950000000000001,7.25,7.25,10.5,7.25,14.13,12,11.25,14.2,10.1,7.25,14.600000000000001,7.25,13,7.25,10.8,7.25,7.25,7.25,12,13.18,15.74,7.25,8.75,7.25
306.931,2023/12/01,7.25,10.85,7.25,11,13.85,15.5,13.65,15,16.900000000000002,11.75,12,7.25,12,7.25,7.25,13,7.25,7.25,7.25,7.25,15,13.25,13.8,10.1,10.59,12,7.25,9.950000000000001,7.25,7.25,10.5,7.25,14.13,12,11.25,14.2,10.1,7.25,14.600000000000001,7.25,13,7.25,10.8,7.25,7.25,7.25,12,13.18,15.74,7.25,8.75,7.25
316.18,2024/01/01,7.25,11.379276958442807,7.25,11,14.55,16.3,14.315864560621597,15.73171929738637,16.900000000000002,13.25,12,7.25,14,7.25,7.25,14,7.25,7.25,7.25,7.25,15,14,14.450000000000001,10.33,11.106593823954777,12.600000000000001,7.25,10.450000000000001,7.25,7.25,12,7.25,15,12,11.25,14.892694268192429,10.600000000000001,7.25,14.600000000000001,7.25,14,7.25,11.350000000000001,7.25,7.25,7.25,12,13.822937355970156,16.507817449390764,7.25,8.75,7.25
316.18,2024/02/01,7.25,11.379276958442807,7.25,11,14.55,16.3,14.315864560621597,15.73171929738637,16.900000000000002,13.25,12,7.25,14,7.25,7.25,14,7.25,7.25,7.25,7.25,15,14,14.450000000000001,10.33,11.106593823954777,12.600000000000001,7.25,10.450000000000001,7.25,7.25,12,7.25,15,12,11.25,14.892694268192429,10.600000000000001,7.25,14.600000000000001,7.25,14,7.25,11.350000000000001,7.25,7.25,7.25,12,13.822937355970156,16.507817449390764,7.25,8.75,7.25
316.18,2024/03/01,7.25,11.379276958442807,7.25,11,14.55,16.3,14.315864560621597,15.73171929738637,16.900000000000002,13.25,12,7.25,14,7.25,7.25,14,7.25,7.25,7.25,7.25,15,14,14.450000000000001,10.33,11.106593823954777,12.600000000000001,7.25,10.450000000000001,7.25,7.25,12,7.25,15,12,11.25,14.892694268192429,10.600000000000001,7.25,14.600000000000001,7.25,14,7.25,11.350000000000001,7.25,7.25,7.25,12,13.822937355970156,16.507817449390764,7.25,8.75,7.25
316.18,2024/04/01,7.25,11.379276958442807,7.25,11,14.55,16.3,14.315864560621597,15.73171929738637,16.900000000000002,13.25,12,7.25,14,7.25,7.25,14,7.25,7.25,7.25,7.25,15,14,14.450000000000001,10.33,11.106593823954777,12.600000000000001,7.25,10.450000000000001,7.25,7.25,12,7.25,15,12,11.25,14.892694268192429,10.600000000000001,7.25,14.600000000000001,7.25,14,7.25,11.350000000000001,7.25,7.25,7.25,12,13.822937355970156,16.507817449390764,7.25,8.75,7.25
316.18,2024/05/01,7.25,11.379276958442807,7.25,11,14.55,16.3,14.315864560621597,15.73171929738637,16.900000000000002,13.25,12,7.25,14,7.25,7.25,14,7.25,7.25,7.25,7.25,15,14,14.450000000000001,10.33,11.106593823954777,12.600000000000001,7.25,10.450000000000001,7.25,7.25,12,7.25,15,12,11.25,14.892694268192429,10.600000000000001,7.25,14.600000000000001,7.25,14,7.25,11.350000000000001,7.25,7.25,7.25,12,13.822937355970156,16.507817449390764,7.25,8.75,7.25
316.18,2024/06/01,7.25,11.379276958442807,7.25,11,14.55,16.3,14.315864560621597,15.73171929738637,16.900000000000002,13.25,12,7.25,14,7.25,7.25,14,7.25,7.25,7.25,7.25,15,14,14.450000000000001,10.33,11.106593823954777,12.600000000000001,7.25,10.450000000000001,7.25,7.25,12,7.25,15,12,11.25,14.892694268192429,10.600000000000001,7.25,14.600000000000001,7.25,14,7.25,11.350000000000001,7.25,7.25,7.25,12,13.822937355970156,16.507817449390764,7.25,8.75,7.25
316.18,2024/07/01,7.25,11.379276958442807,7.25,11,14.55,16.3,14.315864560621597,15.73171929738637,17.400000000000002,13.25,12,7.25,14,7.25,7.25,14,7.25,7.25,7.25,7.25,15,14,14.450000000000001,10.33,11.106593823954777,12.600000000000001,7.25,10.450000000000001,7.25,7.25,12,7.25,15,12,12,14.892694268192429,10.600000000000001,7.25,15.3,7.25,14,7.25,11.350000000000001,7.25,7.25,7.25,12,13.822937355970156,16.507817449390764,7.25,8.75,7.25
316.18,2024/08/01,7.25,11.379276958442807,7.25,11,14.55,16.3,14.315864560621597,15.73171929738637,17.400000000000002,13.25,12,7.25,14,7.25,7.25,14,7.25,7.25,7.25,7.25,15,14,14.450000000000001,10.33,11.106593823954777,12.600000000000001,7.25,10.450000000000001,7.25,7.25,12,7.25,15,12,12,14.892694268192429,10.600000000000001,7.25,15.3,7.25,14,7.25,11.350000000000001,7.25,7.25,7.25,12,13.822937355970156,16.507817449390764,7.25,8.75,7.25
316.18,2024/09/01,7.25,11.379276958442807,7.25,11,14.55,16.3,14.315864560621597,15.73171929738637,17.400000000000002,13.25,12,7.25,14,7.25,7.25,14,7.25,7.25,7.25,7.25,15,14,14.450000000000001,10.33,11.106593823954777,12.600000000000001,7.25,10.450000000000001,7.25,7.25,12,7.25,15,12,12,14.892694268192429,10.600000000000001,7.25,15.3,7.25,14,7.25,11.350000000000001,7.25,7.25,7.25,12,13.822937355970156,16.507817449390764,7.25,8.75,7.25
316.18,2024/10/01,7.25,11.379276958442807,7.25,11,14.55,16.3,14.315864560621597,15.73171929738637,17.400000000000002,13.25,13,7.25,14,7.25,7.25,14,7.25,7.25,7.25,7.25,15,14,14.450000000000001,10.33,11.106593823954777,12.600000000000001,7.25,10.450000000000001,7.25,7.25,12,7.25,15,12,12,14.892694268192429,10.600000000000001,7.25,15.3,7.25,14,7.25,11.350000000000001,7.25,7.25,7.25,12,13.822937355970156,16.507817449390764,7.25,8.75,7.25
316.18,2024/11/01,7.25,11.379276958442807,7.25,11,14.55,16.3,14.315864560621597,15.73171929738637,17.400000000000002,13.25,13,7.25,14,7.25,7.25,14,7.25,7.25,7.25,7.25,15,14,14.450000000000001,10.33,11.106593823954777,12.600000000000001,7.25,10.450000000000001,7.25,7.25,12,7.25,15,12,12,14.892694268192429,10.600000000000001,7.25,15.3,7.25,14,7.25,11.350000000000001,7.25,7.25,7.25,12,13.822937355970156,16.507817449390764,7.25,8.75,7.25
316.18,2024/12/01,7.25,11.379276958442807,7.25,11,14.55,16.3,14.315864560621597,15.73171929738637,17.400000000000002,13.25,13,7.25,14,7.25,7.25,14,7.25,7.25,7.25,7.25,15,14,14.450000000000001,10.33,11.106593823954777,12.600000000000001,7.25,10.450000000000001,7.25,7.25,12,7.25,15,12,12,14.892694268192429,10.600000000000001,7.25,15.3,7.25,14,7.25,11.350000000000001,7.25,7.25,7.25,12,13.822937355970156,16.507817449390764,7.25,8.75,7.25
323.065,2025/01/01,7.25,11.722177912040317,7.25,11,15.000000000000002,16.8,14.747256082889434,16.205775915263114,17.400000000000002,15,13,7.25,14,7.25,7.25,15,7.25,7.25,7.25,7.25,15,15,14.900000000000002,10.56,11.441277796175758,13.000000000000002,7.25,10.75,7.25,7.25,13.5,7.25,15.452007128638034,12,12,15.34146786644908,10.9,7.25,15.3,7.25,15,7.25,11.700000000000001,7.25,7.25,7.25,13.5,14.239475104211188,17.005260860416094,7.25,8.75,7.25
323.065,2025/02/01,7.25,11.722177912040317,7.25,11,15.000000000000002,16.8,14.747256082889434,16.205775915263114,17.400000000000002,15,13,7.25,14,7.25,7.25,15,7.25,7.25,7.25,7.25,15,15,14.900000000000002,10.56,11.441277796175758,13.000000000000002,7.25,10.75,7.25,7.25,13.5,7.25,15.452007128638034,12,12,15.34146786644908,10.9,7.25,15.3,7.25,15,7.25,11.700000000000001,7.25,7.25,7.25,13.5,14.239475104211188,17.005260860416094,7.25,8.75,7.25
323.065,2025/03/01,7.25,11.722177912040317,7.25,11,15.000000000000002,16.8,14.747256082889434,16.205775915263114,17.400000000000002,15,13,7.25,14,7.25,7.25,15,7.25,7.25,7.25,7.25,15,15,14.900000000000002,10.56,11.441277796175758,13.000000000000002,7.25,10.75,7.25,7.25,13.5,7.25,15.452007128638034,12,12,15.34146786644908,10.9,7.25,15.3,7.25,15,7.25,11.700000000000001,7.25,7.25,7.25,13.5,14.239475104211188,17.005260860416094,7.25,8.75,7.25
323.065,2025/04/01,7.25,11.722177912040317,7.25,11,15.000000000000002,16.8,14.747256082889434,16.205775915263114,17.400000000000002,15,13,7.25,14,7.25,7.25,15,7.25,7.25,7.25,7.25,15,15,14.900000000000002,10.56,11.441277796175758,13.000000000000002,7.25,10.75,7.25,7.25,13.5,7.25,15.452007128638034,12,12,15.34146786644908,10.9,7.25,15.3,7.25,15,7.25,11.700000000000001,7.25,7.25,7.25,13.5,14.239475104211188,17.005260860416094,7.25,8.75,7.25
323.065,2025/05/01,7.25,11.722177912040317,7.25,11,15.000000000000002,16.8,14.747256082889434,16.205775915263114,17.400000000000002,15,13,7.25,14,7.25,7.25,15,7.25,7.25,7.25,7.25,15,15,14.900000000000002,10.56,11.441277796175758,13.000000000000002,7.25,10.75,7.25,7.25,13.5,7.25,15.452007128638034,12,12,15.34146786644908,10.9,7.25,15.3,7.25,15,7.25,11.700000000000001,7.25,7.25,7.25,13.5,14.239475104211188,17.005260860416094,7.25,8.75,7.25
323.065,2025/06/01,7.25,11.722177912040317,7.25,11,15.000000000000002,16.8,14.747256082889434,16.205775915263114,17.400000000000002,15,13,7.25,14,7.25,7.25,15,7.25,7.25,7.25,7.25,15,15,14.900000000000002,10.56,11.441277796175758,13.000000000000002,7.25,10.75,7.25,7.25,13.5,7.25,15.452007128638034,12,12,15.34146786644908,10.9,7.25,15.3,7.25,15,7.25,11.700000000000001,7.25,7.25,7.25,13.5,14.239475104211188,17.005260860416094,7.25,8.75,7.25
323.065,2025/07/01,7.25,11.722177912040317,7.25,11,15.000000000000002,16.8,14.747256082889434,16.205775915263114,17.8,15,13,7.25,14,7.25,7.25,15,7.25,7.25,7.25,7.25,15,15,14.900000000000002,10.56,11.441277796175758,13.000000000000002,7.25,10.75,7.25,7.25,13.5,7.25,15.452007128638034,12,12,15.34146786644908,10.9,7.25,15.75,7.25,15,7.25,11.700000000000001,7.25,7.25,7.25,13.5,14.239475104211188,17.005260860416094,7.25,8.75,7.25
323.065,2025/08/01,7.25,11.722177912040317,7.25,11,15.000000000000002,16.8,14.747256082889434,16.205775915263114,17.8,15,13,7.25,14,7.25,7.25,15,7.25,7.25,7.25,7.25,15,15,14.900000000000002,10.56,11.441277796175758,13.000000000000002,7.25,10.75,7.25,7.25,13.5,7.25,15.452007128638034,12,12,15.34146786644908,10.9,7.25,15.75,7.25,15,7.25,11.700000000000001,7.25,7.25,7.25,13.5,14.239475104211188,17.005260860416094,7.25,8.75,7.25
323.065,2025/09/01,7.25,11.722177912040317,7.25,11,15.000000000000002,16.8,14.747256082889434,16.205775915263114,17.8,15,13,7.25,14,7.25,7.25,15,7.25,7.25,7.25,7.25,15,15,14.900000000000002,10.56,11.441277796175758,13.000000000000002,7.25,10.75,7.25,7.25,13.5,7.25,15.452007128638034,12,12,15.34146786644908,10.9,7.25,15.75,7.25,15,7.25,11.700000000000001,7.25,7.25,7.25,13.5,14.239475104211188,17.005260860416094,7.25,8.75,7.25
323.065,2025/10/01,7.25,11.722177912040317,7.25,11,15.000000000000002,16.8,14.747256082889434,16.205775915263114,17.8,15,14,7.25,14,7.25,7.25,15,7.25,7.25,7.25,7.25,15,15,14.900000000000002,10.56,11.441277796175758,13.000000000000002,7.25,10.75,7.25,7.25,13.5,7.25,15.452007128638034,12,12,15.34146786644908,10.9,7.25,15.75,7.25,15,7.25,11.700000000000001,7.25,7.25,7.25,13.5,14.239475104211188,17.005260860416094,7.25,8.75,7.25
323.065,2025/11/01,7.25,11.722177912040317,7.25,11,15.000000000000002,16.8,14.747256082889434,16.205775915263114,17.8,15,14,7.25,14,7.25,7.25,15,7.25,7.25,7.25,7.25,15,15,14.900000000000002,10.56,11.441277796175758,13.000000000000002,7.25,10.75,7.25,7.25,13.5,7.25,15.452007128638034,12,12,15.34146786644908,10.9,7.25,15.75,7.25,15,7.25,11.700000000000001,7.25,7.25,7.25,13.5,14.239475104211188,17.005260860416094,7.25,8.75,7.25
323.065,2025/12/01,7.25,11.722177912040317,7.25,11,15.000000000000002,16.8,14.747256082889434,16.205775915263114,17.8,15,14,7.25,14,7.25,7.25,15,7.25,7.25,7.25,7.25,15,15,14.900000000000002,10.56,11.441277796175758,13.000000000000002,7.25,10.75,7.25,7.25,13.5,7.25,15.452007128638034,12,12,15.34146786644908,10.9,7.25,15.75,7.25,15,7.25,11.700000000000001,7.25,7.25,7.25,13.5,14.239475104211188,17.005260860416094,7.25,8.75,7.25
329.698,2026/01/01,7.25,11.977435028000839,7.25,11,15.350000000000001,17.200000000000003,15.0683860029688,16.558665937328353,17.8,15,14,7.25,16,7.25,7.25,15,7.25,7.25,7.25,7.25,15,15,15.200000000000001,10.8,11.690418151753816,13.3,7.25,11.000000000000002,7.25,7.25,15,7.25,15.788483405064984,12,12,15.675537087337505,11.150000000000002,7.25,15.75,7.25,15,7.25,11.950000000000001,7.25,7.25,7.25,15,14.549547803599177,17.375560123569883,7.25,8.75,7.25
329.698,2026/02/01,7.25,11.977435028000839,7.25,11,15.350000000000001,17.200000000000003,15.0683860029688,16.558665937328353,17.8,15,14,7.25,16,7.25,7.25,15,7.25,7.25,7.25,7.25,15,15,15.200000000000001,10.8,11.690418151753816,13.3,7.25,11.000000000000002,7.25,7.25,15,7.25,15.788483405064984,12,12,15.675537087337505,11.150000000000002,7.25,15.75,7.25,15,7.25,11.950000000000001,7.25,7.25,7.25,15,14.549547803599177,17.375560123569883,7.25,8.75,7.25
329.698,2026/03/01,7.25,11.977435028000839,7.25,11,15.350000000000001,17.200000000000003,15.0683860029688,16.558665937328353,17.8,15,14,7.25,16,7.25,7.25,15,7.25,7.25,7.25,7.25,15,15,15.200000000000001,10.8,11.690418151753816,13.3,7.25,11.000000000000002,7.25,7.25,15,7.25,15.788483405064984,12,12,15.675537087337505,11.150000000000002,7.25,15.75,7.25,15,7.25,11.950000000000001,7.25,7.25,7.25,15,14.549547803599177,17.375560123569883,7.25,8.75,7.25
329.698,2026/04/01,7.25,11.977435028000839,7.25,11,15.350000000000001,17.200000000000003,15.0683860029688,16.558665937328353,17.8,15,14,7.25,16,7.25,7.25,15,7.25,7.25,7.25,7.25,15,15,15.200000000000001,10.8,11.690418151753816,13.3,7.25,11.000000000000002,7.25,7.25,15,7.25,15.788483405064984,12,12,15.675537087337505,11.150000000000002,7.25,15.75,7.25,15,7.25,11.950000000000001,7.25,7.25,7.25,15,14.549547803599177,17.375560123569883,7.25,8.75,7.25
329.698,2026/05/01,7.25,11.977435028000839,7.25,11,15.350000000000001,17.200000000000003,15.0683860029688,16.558665937328353,17.8,15,14,7.25,16,7.25,7.25,15,7.25,7.25,7.25,7.25,15,15,15.200000000000001,10.8,11.690418151753816,13.3,7.25,11.000000000000002,7.25,7.25,15,7.25,15.788483405064984,12,12,15.675537087337505,11.150000000000002,7.25,15.75,7.25,15,7.25,11.950000000000001,7.25,7.25,7.25,15,14.549547803599177,17.375560123569883,7.25,8.75,7.25
329.698,2026/06/01,7.25,11.977435028000839,7.25,11,15.350000000000001,17.200000000000003,15.0683860029688,16.558665937328353,17.8,15,14,7.25,16,7.25,7.25,15,7.25,7.25,7.25,7.25,15,15,15.200000000000001,10.8,11.690418151753816,13.3,7.25,11.000000000000002,7.25,7.25,15,7.25,15.788483405064984,12,12,15.675537087337505,11.150000000000002,7.25,15.75,7.25,15,7.25,11.950000000000001,7.25,7.25,7.25,15,14.549547803599177,17.375560123569883,7.25,8.75,7.25
329.698,2026/07/01,7.25,11.977435028000839,7.25,11,15.350000000000001,17.200000000000003,15.0683860029688,16.558665937328353,18.150000000000002,15,14,7.25,16,7.25,7.25,15,7.25,7.25,7.25,7.25,15,15,15.200000000000001,10.8,11.690418151753816,13.3,7.25,11.000000000000002,7.25,7.25,15,7.25,15.788483405064984,12,12,15.675537087337505,11.150000000000002,7.25,16.1,7.25,15,7.25,11.950000000000001,7.25,7.25,7.25,15,14.549547803599177,17.375560123569883,7.25,8.75,7.25
329.698,2026/08/01,7.25,11.977435028000839,7.25,11,15.350000000000001,17.200000000000003,15.0683860029688,16.558665937328353,18.150000000000002,15,14,7.25,16,7.25,7.25,15,7.25,7.25,7.25,7.25,15,15,15.200000000000001,10.8,11.690418151753816,13.3,7.25,11.000000000000002,7.25,7.25,15,7.25,15.788483405064984,12,12,15.675537087337505,11.150000000000002,7.25,16.1,7.25,15,7.25,11.950000000000001,7.25,7.25,7.25,15,14.549547803599177,17.375560123569883,7.25,8.75,7.25
329.698,2026/09/01,7.25,11.977435028000839,7.25,11,15.350000000000001,17.200000000000003,15.0683860029688,16.558665937328353,18.150000000000002,15,14,7.25,16,7.25,7.25,15,7.25,7.25,7.25,7.25,15,15,15.200000000000001,10.8,11.690418151753816,13.3,7.25,11.000000000000002,7.25,7.25,15,7.25,15.788483405064984,12,12,15.675537087337505,11.150000000000002,7.25,16.1,7.25,15,7.25,11.950000000000001,7.25,7.25,7.25,15,14.549547803599177,17.375560123569883,7.25,8.75,7.25
329.698,2026/10/01,7.25,11.977435028000839,7.25,11,15.350000000000001,17.200000000000003,15.0683860029688,16.558665937328353,18.150000000000002,15,15,7.25,16,7.25,7.25,15,7.25,7.25,7.25,7.25,15,15,15.200000000000001,10.8,11.690418151753816,13.3,7.25,11.000000000000002,7.25,7.25,15,7.25,15.788483405064984,12,12,15.675537087337505,11.150000000000002,7.25,16.1,7.25,15,7.25,11.950000000000001,7.25,7.25,7.25,15,14.549547803599177,17.375560123569883,7.25,8.75,7.25
329.698,2026/11/01,7.25,11.977435028000839,7.25,11,15.350000000000001,17.200000000000003,15.0683860029688,16.558665937328353,18.150000000000002,15,15,7.25,16,7.25,7.25,15,7.25,7.25,7.25,7.25,15,15,15.200000000000001,10.8,11.690418151753816,13.3,7.25,11.000000000000002,7.25,7.25,15,7.25,15.788483405064984,12,12,15.675537087337505,11.150000000000002,7.25,16.1,7.25,15,7.25,11.950000000000001,7.25,7.25,7.25,15,14.549547803599177,17.375560123569883,7.25,8.75,7.25
329.698,2026/12/01,7.25,11.977435028000839,7.25,11,15.350000000000001,17.200000000000003,15.0683860029688,16.558665937328353,18.150000000000002,15,15,7.25,16,7.25,7.25,15,7.25,7.25,7.25,7.25,15,15,15.200000000000001,10.8,11.690418151753816,13.3,7.25,11.000000000000002,7.25,7.25,15,7.25,15.788483405064984,12,12,15.675537087337505,11.150000000000002,7.25,16.1,7.25,15,7.25,11.950000000000001,7.25,7.25,7.25,15,14.549547803599177,17.375560123569883,7.25,8.75,7.25
336.496,2027/01/01,7.25,12.223349399847772,7.25,11,15.65,17.6,15.377762148195588,16.898639723291854,18.150000000000002,15,15,7.25,16,7.25,7.25,15,7.25,7.25,7.25,7.25,15,15,15.5,11.04,11.930439644644048,13.55,7.25,11.250000000000002,7.25,7.25,15.3,7.25,16.112644209936438,12,12,15.99737893804962,11.400000000000002,7.25,16.1,7.25,15,7.25,12.200000000000001,7.25,7.25,7.25,15.307972079921996,14.848271436865774,17.732305949640917,7.25,8.75,7.25
336.496,2027/02/01,7.25,12.223349399847772,7.25,11,15.65,17.6,15.377762148195588,16.898639723291854,18.150000000000002,15,15,7.25,16,7.25,7.25,15,7.25,7.25,7.25,7.25,15,15,15.5,11.04,11.930439644644048,13.55,7.25,11.250000000000002,7.25,7.25,15.3,7.25,16.112644209936438,12,12,15.99737893804962,11.400000000000002,7.25,16.1,7.25,15,7.25,12.200000000000001,7.25,7.25,7.25,15.307972079921996,14.848271436865774,17.732305949640917,7.25,8.75,7.25
336.496,2027/03/01,7.25,12.223349399847772,7.25,11,15.65,17.6,15.377762148195588,16.898639723291854,18.150000000000002,15,15,7.25,16,7.25,7.25,15,7.25,7.25,7.25,7.25,15,15,15.5,11.04,11.930439644644048,13.55,7.25,11.250000000000002,7.25,7.25,15.3,7.25,16.112644209936438,12,12,15.99737893804962,11.400000000000002,7.25,16.1,7.25,15,7.25,12.200000000000001,7.25,7.25,7.25,15.307972079921996,14.848271436865774,17.732305949640917,7.25,8.75,7.25
336.496,2027/04/01,7.25,12.223349399847772,7.25,11,15.65,17.6,15.377762148195588,16.898639723291854,18.150000000000002,15,15,7.25,16,7.25,7.25,15,7.25,7.25,7.25,7.25,15,15,15.5,11.04,11.930439644644048,13.55,7.25,11.250000000000002,7.25,7.25,15.3,7.25,16.112644209936438,12,12,15.99737893804962,11.400000000000002,7.25,16.1,7.25,15,7.25,12.200000000000001,7.25,7.25,7.25,15.307972079921996,14.848271436865774,17.732305949640917,7.25,8.75,7.25
336.496,2027/05/01,7.25,12.223349399847772,7.25,11,15.65,17.6,15.377762148195588,16.898639723291854,18.150000000000002,15,15,7.25,16,7.25,7.25,15,7.25,7.25,7.25,7.25,15,15,15.5,11.04,11.930439644644048,13.55,7.25,11.250000000000002,7.25,7.25,15.3,7.25,16.112644209936438,12,12,15.99737893804962,11.400000000000002,7.25,16.1,7.25,15,7.25,12.200000000000001,7.25,7.25,7.25,15.307972079921996,14.848271436865774,17.732305949640917,7.25,8.75,7.25
336.496,2027/06/01,7.25,12.223349399847772,7.25,11,15.65,17.6,15.377762148195588,16.898639723291854,18.150000000000002,15,15,7.25,16,7.25,7.25,15,7.25,7.25,7.25,7.25,15,15,15.5,11.04,11.930439644644048,13.55,7.25,11.250000000000002,7.25,7.25,15.3,7.25,16.112644209936438,12,12,15.99737893804962,11.400000000000002,7.25,16.1,7.25,15,7.25,12.200000000000001,7.25,7.25,7.25,15.307972079921996,14.848271436865774,17.732305949640917,7.25,8.75,7.25
336.496,2027/07/01,7.25,12.223349399847772,7.25,11,15.65,17.6,15.377762148195588,16.898639723291854,18.5,15,15,7.25,16,7.25,7.25,15,7.25,7.25,7.25,7.25,15,15,15.5,11.04,11.930439644644048,13.55,7.25,11.250000000000002,7.25,7.25,15.3,7.25,16.112644209936438,12,12,15.99737893804962,11.400000000000002,7.25,16.450000000000003,7.25,15,7.25,12.200000000000001,7.25,7.25,7.25,15.307972079921996,14.848271436865774,17.732305949640917,7.25,8.75,7.25
336.496,2027/08/01,7.25,12.223349399847772,7.25,11,15.65,17.6,15.377762148195588,16.898639723291854,18.5,15,15,7.25,16,7.25,7.25,15,7.25,7.25,7.25,7.25,15,15,15.5,11.04,11.930439644644048,13.55,7.25,11.250000000000002,7.25,7.25,15.3,7.25,16.112644209936438,12,12,15.99737893804962,11.400000000000002,7.25,16.450000000000003,7.25,15,7.25,12.200000000000001,7.25,7.25,7.25,15.307972079921996,14.848271436865774,17.732305949640917,7.25,8.75,7.25
336.496,2027/09/01,7.25,12.223349399847772,7.25,11,15.65,17.6,15.377762148195588,16.898639723291854,18.5,15,15,7.25,16,7.25,7.25,15,7.25,7.25,7.25,7.25,15,15,15.5,11.04,11.930439644644048,13.55,7.25,11.250000000000002,7.25,7.25,15.3,7.25,16.112644209936438,12,12,15.99737893804962,11.400000000000002,7.25,16.450000000000003,7.25,15,7.25,12.200000000000001,7.25,7.25,7.25,15.307972079921996,14.848271436865774,17.732305949640917,7.25,8.75,7.25
336.496,2027/10/01,7.25,12.223349399847772,7.25,11,15.65,17.6,15.377762148195588,16.898639723291854,18.5,15,15,7.25,16,7.25,7.25,15,7.25,7.25,7.25,7.25,15,15,15.5,11.04,11.930439644644048,13.55,7.25,11.250000000000002,7.25,7.25,15.3,7.25,16.112644209936438,12,12,15.99737893804962,11.400000000000002,7.25,16.450000000000003,7.25,15,7.25,12.200000000000001,7.25,7.25,7.25,15.307972079921996,14.848271436865774,17.732305949640917,7.25,8.75,7.25
336.496,2027/11/01,7.25,12.223349399847772,7.25,11,15.65,17.6,15.377762148195588,16.898639723291854,18.5,15,15,7.25,16,7.25,7.25,15,7.25,7.25,7.25,7.25,15,15,15.5,11.04,11.930439644644048,13.55,7.25,11.250000000000002,7.25,7.25,15.3,7.25,16.112644209936438,12,12,15.99737893804962,11.400000000000002,7.25,16.450000000000003,7.25,15,7.25,12.200000000000001,7.25,7.25,7.25,15.307972079921996,14.848271436865774,17.732305949640917,7.25,8.75,7.25
336.496,2027/12/01,7.25,12.223349399847772,7.25,11,15.65,17.6,15.377762148195588,16.898639723291854,18.5,15,15,7.25,16,7.25,7.25,15,7.25,7.25,7.25,7.25,15,15,15.5,11.04,11.930439644644048,13.55,7.25,11.250000000000002,7.25,7.25,15.3,7.25,16.112644209936438,12,12,15.99737893804962,11.400000000000002,7.25,16.450000000000003,7.25,15,7.25,12.200000000000001,7.25,7.25,7.25,15.307972079921996,14.848271436865774,17.732305949640917,7.25,8.75,7.25
343.85,2028/01/01,7.25,12.475381044626221,7.25,11,15.950000000000001,18.000000000000004,15.694834217432993,17.247070568607683,18.5,15,15.3,7.25,18,7.25,7.25,15,7.25,7.25,7.25,7.25,15,15,15.8,11.29,12.176431821437022,13.850000000000001,7.25,11.500000000000002,7.25,7.25,15.600000000000001,7.25,16.44486871642161,12,12,16.327226804948605,11.650000000000002,7.25,16.450000000000003,7.25,15,7.25,12.450000000000001,7.25,7.25,7.25,15.623605156856978,15.154426006283282,18.097926049992328,7.25,8.75,7.25
343.85,2028/02/01,7.25,12.475381044626221,7.25,11,15.950000000000001,18.000000000000004,15.694834217432993,17.247070568607683,18.5,15,15.3,7.25,18,7.25,7.25,15,7.25,7.25,7.25,7.25,15,15,15.8,11.29,12.176431821437022,13.850000000000001,7.25,11.500000000000002,7.25,7.25,15.600000000000001,7.25,16.44486871642161,12,12,16.327226804948605,11.650000000000002,7.25,16.450000000000003,7.25,15,7.25,12.450000000000001,7.25,7.25,7.25,15.623605156856978,15.154426006283282,18.097926049992328,7.25,8.75,7.25
343.85,2028/03/01,7.25,12.475381044626221,7.25,11,15.950000000000001,18.000000000000004,15.694834217432993,17.247070568607683,18.5,15,15.3,7.25,18,7.25,7.25,15,7.25,7.25,7.25,7.25,15,15,15.8,11.29,12.176431821437022,13.850000000000001,7.25,11.500000000000002,7.25,7.25,15.600000000000001,7.25,16.44486871642161,12,12,16.327226804948605,11.650000000000002,7.25,16.450000000000003,7.25,15,7.25,12.450000000000001,7.25,7.25,7.25,15.623605156856978,15.154426006283282,18.097926049992328,7.25,8.75,7.25
343.85,2028/04/01,7.25,12.475381044626221,7.25,11,15.950000000000001,18.000000000000004,15.694834217432993,17.247070568607683,18.5,15,15.3,7.25,18,7.25,7.25,15,7.25,7.25,7.25,7.25,15,15,15.8,11.29,12.176431821437022,13.850000000000001,7.25,11.500000000000002,7.25,7.25,15.600000000000001,7.25,16.44486871642161,12,12,16.327226804948605,11.650000000000002,7.25,16.450000000000003,7.25,15,7.25,12.450000000000001,7.25,7.25,7.25,15.623605156856978,15.154426006283282,18.097926049992328,7.25,8.75,7.25
343.85,2028/05/01,7.25,12.475381044626221,7.25,11,15.950000000000001,18.000000000000004,15.694834217432993,17.247070568607683,18.5,15,15.3,7.25,18,7.25,7.25,15,7.25,7.25,7.25,7.25,15,15,15.8,11.29,12.176431821437022,13.850000000000001,7.25,11.500000000000002,7.25,7.25,15.600000000000001,7.25,16.44486871642161,12,12,16.327226804948605,11.650000000000002,7.25,16.450000000000003,7.25,15,7.25,12.450000000000001,7.25,7.25,7.25,15.623605156856978,15.154426006283282,18.097926049992328,7.25,8.75,7.25
343.85,2028/06/01,7.25,12.475381044626221,7.25,11,15.950000000000001,18.000000000000004,15.694834217432993,17.247070568607683,18.5,15,15.3,7.25,18,7.25,7.25,15,7.25,7.25,7.25,7.25,15,15,15.8,11.29,12.176431821437022,13.850000000000001,7.25,11.500000000000002,7.25,7.25,15.600000000000001,7.25,16.44486871642161,12,12,16.327226804948605,11.650000000000002,7.25,16.450000000000003,7.25,15,7.25,12.450000000000001,7.25,7.25,7.25,15.623605156856978,15.154426006283282,18.097926049992328,7.25,8.75,7.25
343.85,2028/07/01,7.25,12.475381044626221,7.25,11,15.950000000000001,18.000000000000004,15.694834217432993,17.247070568607683,18.900000000000002,15,15.3,7.25,18,7.25,7.25,15,7.25,7.25,7.25,7.25,15,15,15.8,11.29,12.176431821437022,13.850000000000001,7.25,11.500000000000002,7.25,7.25,15.600000000000001,7.25,16.44486871642161,12,12,16.327226804948605,11.650000000000002,7.25,16.8,7.25,15,7.25,12.450000000000001,7.25,7.25,7.25,15.623605156856978,15.154426006283282,18.097926049992328,7.25,8.75,7.25
343.85,2028/08/01,7.25,12.475381044626221,7.25,11,15.950000000000001,18.000000000000004,15.694834217432993,17.247070568607683,18.900000000000002,15,15.3,7.25,18,7.25,7.25,15,7.25,7.25,7.25,7.25,15,15,15.8,11.29,12.176431821437022,13.850000000000001,7.25,11.500000000000002,7.25,7.25,15.600000000000001,7.25,16.44486871642161,12,12,16.327226804948605,11.650000000000002,7.25,16.8,7.25,15,7.25,12.450000000000001,7.25,7.25,7.25,15.623605156856978,15.154426006283282,18.097926049992328,7.25,8.75,7.25
343.85,2028/09/01,7.25,12.475381044626221,7.25,11,15.950000000000001,18.000000000000004,15.694834217432993,17.247070568607683,18.900000000000002,15,15.3,7.25,18,7.25,7.25,15,7.25,7.25,7.25,7.25,15,15,15.8,11.29,12.176431821437022,13.850000000000001,7.25,11.500000000000002,7.25,7.25,15.600000000000001,7.25,16.44486871642161,12,12,16.327226804948605,11.650000000000002,7.25,16.8,7.25,15,7.25,12.450000000000001,7.25,7.25,7.25,15.623605156856978,15.154426006283282,18.097926049992328,7.25,8.75,7.25
343.85,2028/10/01,7.25,12.475381044626221,7.25,11,15.950000000000001,18.000000000000004,15.694834217432993,17.247070568607683,18.900000000000002,15,15.3,7.25,18,7.25,7.25,15,7.25,7.25,7.25,7.25,15,15,15.8,11.29,12.176431821437022,13.850000000000001,7.25,11.500000000000002,7.25,7.25,15.600000000000001,7.25,16.44486871642161,12,12,16.327226804948605,11.650000000000002,7.25,16.8,7.25,15,7.25,12.450000000000001,7.25,7.25,7.25,15.623605156856978,15.154426006283282,18.097926049992328,7.25,8.75,7.25
343.85,2028/11/01,7.25,12.475381044626221,7.25,11,15.950000000000001,18.000000000000004,15.694834217432993,17.247070568607683,18.900000000000002,15,15.3,7.25,18,7.25,7.25,15,7.25,7.25,7.25,7.25,15,15,15.8,11.29,12.176431821437022,13.850000000000001,7.25,11.500000000000002,7.25,7.25,15.600000000000001,7.25,16.44486871642161,12,12,16.327226804948605,11.650000000000002,7.25,16.8,7.25,15,7.25,12.450000000000001,7.25,7.25,7.25,15.623605156856978,15.154426006283282,18.097926049992328,7.25,8.75,7.25
343.85,2028/12/01,7.25,12.475381044626221,7.25,11,15.950000000000001,18.000000000000004,15.694834217432993,17.247070568607683,18.900000000000002,15,15.3,7.25,18,7.25,7.25,15,7.25,7.25,7.25,7.25,15,15,15.8,11.29,12.176431821437022,13.850000000000001,7.25,11.500000000000002,7.25,7.25,15.600000000000001,7.25,16.44486871642161,12,12,16.327226804948605,11.650000000000002,7.25,16.8,7.25,15,7.25,12.450000000000001,7.25,7.25,7.25,15.623605156856978,15.154426006283282,18.097926049992328,7.25,8.75,7.25
351.603,2029/01/01,7.25,12.74802604546481,7.25,11,16.3,18.400000000000002,16.037839218487992,17.623999141195593,18.900000000000002,15,15.650000000000002,7.25,18,7.25,7.25,15,7.25,7.25,7.25,7.25,15,15,16.150000000000002,11.54,12.442543393684087,14.15,7.25,11.75,7.25,7.25,15.950000000000001,7.25,16.80426545379907,12,12,16.684052520331825,11.9,7.25,16.8,7.25,15,7.25,12.700000000000001,7.25,7.25,7.25,15.965053472211475,15.485620578730526,18.493449765494574,7.25,8.75,7.25
351.603,2029/02/01,7.25,12.74802604546481,7.25,11,16.3,18.400000000000002,16.037839218487992,17.623999141195593,18.900000000000002,15,15.650000000000002,7.25,18,7.25,7.25,15,7.25,7.25,7.25,7.25,15,15,16.150000000000002,11.54,12.442543393684087,14.15,7.25,11.75,7.25,7.25,15.950000000000001,7.25,16.80426545379907,12,12,16.684052520331825,11.9,7.25,16.8,7.25,15,7.25,12.700000000000001,7.25,7.25,7.25,15.965053472211475,15.485620578730526,18.493449765494574,7.25,8.75,7.25
351.603,2029/03/01,7.25,12.74802604546481,7.25,11,16.3,18.400000000000002,16.037839218487992,17.623999141195593,18.900000000000002,15,15.650000000000002,7.25,18,7.25,7.25,15,7.25,7.25,7.25,7.25,15,15,16.150000000000002,11.54,12.442543393684087,14.15,7.25,11.75,7.25,7.25,15.950000000000001,7.25,16.80426545379907,12,12,16.684052520331825,11.9,7.25,16.8,7.25,15,7.25,12.700000000000001,7.25,7.25,7.25,15.965053472211475,15.485620578730526,18.493449765494574,7.25,8.75,7.25
351.603,2029/04/01,7.25,12.74802604546481,7.25,11,16.3,18.400000000000002,16.037839218487992,17.623999141195593,18.900000000000002,15,15.650000000000002,7.25,18,7.25,7.25,15,7.25,7.25,7.25,7.25,15,15,16.150000000000002,11.54,12.442543393684087,14.15,7.25,11.75,7.25,7.25,15.950000000000001,7.25,16.80426545379907,12,12,16.684052520331825,11.9,7.25,16.8,7.25,15,7.25,12.700000000000001,7.25,7.25,7.25,15.965053472211475,15.485620578730526,18.493449765494574,7.25,8.75,7.25
351.603,2029/05/01,7.25,12.74802604546481,7.25,11,16.3,18.400000000000002,16.037839218487992,17.623999141195593,18.900000000000002,15,15.650000000000002,7.25,18,7.25,7.25,15,7.25,7.25,7.25,7.25,15,15,16.150000000000002,11.54,12.442543393684087,14.15,7.25,11.75,7.25,7.25,15.950000000000001,7.25,16.80426545379907,12,12,16.684052520331825,11.9,7.25,16.8,7.25,15,7.25,12.700000000000001,7.25,7.25,7.25,15.965053472211475,15.485620578730526,18.493449765494574,7.25,8.75,7.25
351.603,2029/06/01,7.25,12.74802604546481,7.25,11,16.3,18.400000000000002,16.037839218487992,17.623999141195593,18.900000000000002,15,15.650000000000002,7.25,18,7.25,7.25,15,7.25,7.25,7.25,7.25,15,15,16.150000000000002,11.54,12.442543393684087,14.15,7.25,11.75,7.25,7.25,15.950000000000001,7.25,16.80426545379907,12,12,16.684052520331825,11.9,7.25,16.8,7.25,15,7.25,12.700000000000001,7.25,7.25,7.25,15.965053472211475,15.485620578730526,18.493449765494574,7.25,8.75,7.25
351.603,2029/07/01,7.25,12.74802604546481,7.25,11,16.3,18.400000000000002,16.037839218487992,17.623999141195593,19.35,15,15.650000000000002,7.25,18,7.25,7.25,15,7.25,7.25,7.25,7.25,15,15,16.150000000000002,11.54,12.442543393684087,14.15,7.25,11.75,7.25,7.25,15.950000000000001,7.25,16.80426545379907,12,12,16.684052520331825,11.9,7.25,17.150000000000002,7.25,15,7.25,12.700000000000001,7.25,7.25,7.25,15.965053472211475,15.485620578730526,18.493449765494574,7.25,8.75,7.25
351.603,2029/08/01,7.25,12.74802604546481,7.25,11,16.3,18.400000000000002,16.037839218487992,17.623999141195593,19.35,15,15.650000000000002,7.25,18,7.25,7.25,15,7.25,7.25,7.25,7.25,15,15,16.150000000000002,11.54,12.442543393684087,14.15,7.25,11.75,7.25,7.25,15.950000000000001,7.25,16.80426545379907,12,12,16.684052520331825,11.9,7.25,17.150000000000002,7.25,15,7.25,12.700000000000001,7.25,7.25,7.25,15.965053472211475,15.485620578730526,18.493449765494574,7.25,8.75,7.25
351.603,2029/09/01,7.25,12.74802604546481,7.25,11,16.3,18.400000000000002,16.037839218487992,17.623999141195593,19.35,15,15.650000000000002,7.25,18,7.25,7.25,15,7.25,7.25,7.25,7.25,15,15,16.150000000000002,11.54,12.442543393684087,14.15,7.25,11.75,7.25,7.25,15.950000000000001,7.25,16.80426545379907,12,12,16.684052520331825,11.9,7.25,17.150000000000002,7.25,15,7.25,12.700000000000001,7.25,7.25,7.25,15.965053472211475,15.485620578730526,18.493449765494574,7.25,8.75,7.25
351.603,2029/10/01,7.25,12.74802604546481,7.25,11,16.3,18.400000000000002,16.037839218487992,17.623999141195593,19.35,15,15.650000000000002,7.25,18,7.25,7.25,15,7.25,7.25,7.25,7.25,15,15,16.150000000000002,11.54,12.442543393684087,14.15,7.25,11.75,7.25,7.25,15.950000000000001,7.25,16.80426545379907,12,12,16.684052520331825,11.9,7.25,17.150000000000002,7.25,15,7.25,12.700000000000001,7.25,7.25,7.25,15.965053472211475,15.485620578730526,18.493449765494574,7.25,8.75,7.25
351.603,2029/11/01,7.25,12.74802604546481,7.25,11,16.3,18.400000000000002,16.037839218487992,17.623999141195593,19.35,15,15.650000000000002,7.25,18,7.25,7.25,15,7.25,7.25,7.25,7.25,15,15,16.150000000000002,11.54,12.442543393684087,14.15,7.25,11.75,7.25,7.25,15.950000000000001,7.25,16.80426545379907,12,12,16.684052520331825,11.9,7.25,17.150000000000002,7.25,15,7.25,12.700000000000001,7.25,7.25,7.25,15.965053472211475,15.485620578730526,18.493449765494574,7.25,8.75,7.25
351.603,2029/12/01,7.25,12.74802604546481,7.25,11,16.3,18.400000000000002,16.037839218487992,17.623999141195593,19.35,15,15.650000000000002,7.25,18,7.25,7.25,15,7.25,7.25,7.25,7.25,15,15,16.150000000000002,11.54,12.442543393684087,14.15,7.25,11.75,7.25,7.25,15.950000000000001,7.25,16.80426545379907,12,12,16.684052520331825,11.9,7.25,17.150000000000002,7.25,15,7.25,12.700000000000001,7.25,7.25,7.25,15.965053472211475,15.485620578730526,18.493449765494574,7.25,8.75,7.25
359.583,2030/01/01,7.25,13.035463724483245,7.25,11,16.650000000000002,18.8,16.399454363059572,18.021378420944583,19.35,15,16,7.25,18,7.25,7.25,15,7.25,7.25,7.25,7.25,15,16,16.5,11.79,12.723093165186873,14.450000000000001,7.25,12,7.25,7.25,16.3,7.25,17.18316168780606,12,12,17.0602382384942,12.15,7.25,17.150000000000002,7.25,15,7.25,13.000000000000002,7.25,7.25,7.25,16.325027471251914,15.834784505869969,18.91043308971118,7.25,8.75,7.25
359.583,2030/02/01,7.25,13.035463724483245,7.25,11,16.650000000000002,18.8,16.399454363059572,18.021378420944583,19.35,15,16,7.25,18,7.25,7.25,15,7.25,7.25,7.25,7.25,15,17,16.5,11.79,12.723093165186873,14.450000000000001,7.25,12,7.25,7.25,16.3,7.25,17.18316168780606,12,12,17.0602382384942,12.15,7.25,17.150000000000002,7.25,15,7.25,13.000000000000002,7.25,7.25,7.25,16.325027471251914,15.834784505869969,18.91043308971118,7.25,8.75,7.25
359.583,2030/03/01,7.25,13.035463724483245,7.25,11,16.650000000000002,18.8,16.399454363059572,18.021378420944583,19.35,15,16,7.25,18,7.25,7.25,15,7.25,7.25,7.25,7.25,15,18,16.5,11.79,12.723093165186873,14.450000000000001,7.25,12,7.25,7.25,16.3,7.25,17.18316168780606,12,12,17.0602382384942,12.15,7.25,17.150000000000002,7.25,15,7.25,13.000000000000002,7.25,7.25,7.25,16.325027471251914,15.834784505869969,18.91043308971118,7.25,8.75,7.25
359.583,2030/04/01,7.25,13.035463724483245,7.25,11,16.650000000000002,18.8,16.399454363059572,18.021378420944583,19.35,15,16,7.25,18,7.25,7.25,15,7.25,7.25,7.25,7.25,15,19,16.5,11.79,12.723093165186873,14.450000000000001,7.25,12,7.25,7.25,16.3,7.25,17.18316168780606,12,12,17.0602382384942,12.15,7.25,17.150000000000002,7.25,15,7.25,13.000000000000002,7.25,7.25,7.25,16.325027471251914,15.834784505869969,18.91043308971118,7.25,8.75,7.25
359.583,2030/05/01,7.25,13.035463724483245,7.25,11,16.650000000000002,18.8,16.399454363059572,18.021378420944583,19.35,15,16,7.25,18,7.25,7.25,15,7.25,7.25,7.25,7.25,15,20,16.5,11.79,12.723093165186873,14.450000000000001,7.25,12,7.25,7.25,16.3,7.25,17.18316168780606,12,12,17.0602382384942,12.15,7.25,17.150000000000002,7.25,15,7.25,13.000000000000002,7.25,7.25,7.25,16.325027471251914,15.834784505869969,18.91043308971118,7.25,8.75,7.25
359.583,2030/06/01,7.25,13.035463724483245,7.25,11,16.650000000000002,18.8,16.399454363059572,18.021378420944583,19.35,15,16,7.25,18,7.25,7.25,15,7.25,7.25,7.25,7.25,15,21,16.5,11.79,12.723093165186873,14.450000000000001,7.25,12,7.25,7.25,16.3,7.25,17.18316168780606,12,12,17.0602382384942,12.15,7.25,17.150000000000002,7.25,15,7.25,13.000000000000002,7.25,7.25,7.25,16.325027471251914,15.834784505869969,18.91043308971118,7.25,8.75,7.25
359.583,2030/07/01,7.25,13.035463724483245,7.25,11,16.650000000000002,18.8,16.399454363059572,18.021378420944583,19.8,15,16,7.25,18,7.25,7.25,15,7.25,7.25,7.25,7.25,15,22,16.5,11.79,12.723093165186873,14.450000000000001,7.25,12,7.25,7.25,16.3,7.25,17.18316168780606,12,12,17.0602382384942,12.15,7.25,17.55,7.25,15,7.25,13.000000000000002,7.25,7.25,7.25,16.325027471251914,15.834784505869969,18.91043308971118,7.25,8.75,7.25
359.583,2030/08/01,7.25,13.035463724483245,7.25,11,16.650000000000002,18.8,16.399454363059572,18.021378420944583,19.8,15,16,7.25,18,7.25,7.25,15,7.25,7.25,7.25,7.25,15,23,16.5,11.79,12.723093165186873,14.450000000000001,7.25,12,7.25,7.25,16.3,7.25,17.18316168780606,12,12,17.0602382384942,12.15,7.25,17.55,7.25,15,7.25,13.000000000000002,7.25,7.25,7.25,16.325027471251914,15.834784505869969,18.91043308971118,7.25,8.75,7.25
359.583,2030/09/01,7.25,13.035463724483245,7.25,11,16.650000000000002,18.8,16.399454363059572,18.021378420944583,19.8,15,16,7.25,18,7.25,7.25,15,7.25,7.25,7.25,7.25,15,24,16.5,11.79,12.723093165186873,14.450000000000001,7.25,12,7.25,7.25,16.3,7.25,17.18316168780606,12,12,17.0602382384942,12.15,7.25,17.55,7.25,15,7.25,13.000000000000002,7.25,7.25,7.25,16.325027471251914,15.834784505869969,18.91043308971118,7.25,8.75,7.25
359.583,2030/10/01,7.25,13.035463724483245,7.25,11,16.650000000000002,18.8,16.399454363059572,18.021378420944583,19.8,15,16,7.25,18,7.25,7.25,15,7.25,7.25,7.25,7.25,15,25,16.5,11.79,12.723093165186873,14.450000000000001,7.25,12,7.25,7.25,16.3,7.25,17.18316168780606,12,12,17.0602382384942,12.15,7.25,17.55,7.25,15,7.25,13.000000000000002,7.25,7.25,7.25,16.325027471251914,15.834784505869969,18.91043308971118,7.25,8.75,7.25
359.583,2030/11/01,7.25,13.035463724483245,7.25,11,16.650000000000002,18.8,16.399454363059572,18.021378420944583,19.8,15,16,7.25,18,7.25,7.25,15,7.25,7.25,7.25,7.25,15,26,16.5,11.79,12.723093165186873,14.450000000000001,7.25,12,7.25,7.25,16.3,7.25,17.18316168780606,12,12,17.0602382384942,12.15,7.25,17.55,7.25,15,7.25,13.000000000000002,7.25,7.25,7.25,16.325027471251914,15.834784505869969,18.91043308971118,7.25,8.75,7.25
359.583,2030/12/01,7.25,13.035463724483245,7.25,11,16.650000000000002,18.8,16.399454363059572,18.021378420944583,19.8,15,16,7.25,18,7.25,7.25,15,7.25,7.25,7.25,7.25,15,27,16.5,11.79,12.723093165186873,14.450000000000001,7.25,12,7.25,7.25,16.3,7.25,17.18316168780606,12,12,17.0602382384942,12.15,7.25,17.55,7.25,15,7.25,13.000000000000002,7.25,7.25,7.25,16.325027471251914,15.834784505869969,18.91043308971118,7.25,8.75,7.25
